gx,gy,F3,FC,P7,T8,F7,F8,T7,P8,AF4,F4,AF3,O2,O1,FC5
4,2,8551,8169,8329,8772,8198,8465,7848,6982,7914,8211,8795,8515,8046,7978
4,2,8550,8170,8330,8778,8202,8468,7849,6988,7925,8217,8791,8511,8046,7980
4,2,8546,8176,8331,8780,8214,8466,7847,6986,7928,8215,8788,8514,8045,7982
4,2,8548,8177,8329,8775,8214,8474,7849,6982,7918,8210,8793,8515,8041,7981
4,2,8546,8172,8330,8772,8207,8480,7853,6988,7917,8208,8793,8515,8042,7974
4,3,8546,8173,8332,8775,8214,8482,7850,6997,7929,8214,8792,8512,8046,7971
4,2,8545,8175,8335,8775,8219,8474,7846,6992,7927,8215,8786,8516,8047,7973
4,2,8544,8176,8331,8773,8214,8470,7842,6984,7921,8210,8787,8525,8042,7973
4,2,8546,8174,8329,8773,8205,8470,7845,6984,7920,8206,8793,8522,8040,7975
4,3,8549,8174,8333,8777,8203,8475,7847,6987,7927,8211,8797,8513,8046,7978
4,2,8545,8174,8335,8778,8212,8476,7847,6990,7925,8209,8795,8512,8048,7977
4,2,8540,8174,8334,8773,8220,8477,7846,6988,7920,8209,8794,8513,8040,7975
4,2,8545,8174,8332,8774,8209,8476,7848,6985,7920,8217,8789,8513,8040,7976
4,2,8544,8178,8333,8780,8202,8476,7848,6985,7927,8217,8789,8519,8043,7977
4,3,8540,8175,8334,8777,8214,8479,7846,6992,7931,8212,8797,8525,8040,7976
4,2,8538,8170,8335,8771,8218,8482,7850,6994,7924,8212,8793,8522,8042,7975
4,2,8544,8174,8332,8773,8215,8480,7849,6991,7925,8219,8785,8515,8042,7973
4,2,8550,8175,8329,8776,8216,8468,7844,6991,7927,8214,8786,8514,8041,7973
4,2,8549,8172,8328,8777,8212,8466,7842,6993,7923,8210,8791,8519,8047,7976
4,3,8547,8171,8332,8777,8205,8471,7843,6986,7916,8210,8791,8519,8050,7979
4,2,8550,8176,8329,8773,8215,8478,7846,6978,7924,8215,8786,8514,8038,7975
4,2,8546,8175,8326,8771,8224,8476,7849,6984,7925,8216,8785,8514,8037,7975
4,2,8543,8176,8331,8779,8208,8476,7846,6994,7920,8212,8795,8513,8050,7982
4,2,8546,8178,8335,8784,8196,8477,7845,6991,7918,8205,8796,8512,8053,7976
4,2,8547,8176,8332,8776,8214,8480,7850,6987,7923,8209,8791,8517,8044,7970
4,3,8540,8173,8333,8773,8227,8480,7852,6989,7921,8212,8793,8521,8039,7974
4,2,8539,8173,8334,8781,8214,8481,7847,6989,7921,8209,8798,8517,8044,7976
4,2,8544,8170,8332,8782,8199,8478,7844,6988,7926,8209,8794,8514,8046,7973
4,2,8547,8170,8332,8778,8212,8472,7844,6991,7926,8212,8790,8514,8045,7973
4,2,8543,8175,8332,8778,8223,8476,7847,6991,7919,8210,8788,8514,8048,7978
4,2,8539,8176,8332,8782,8207,8483,7845,6992,7920,8209,8796,8514,8047,7980
4,2,8543,8176,8330,8785,8197,8477,7843,6993,7929,8211,8800,8515,8043,7978
4,2,8541,8172,8328,8777,8217,8468,7851,6984,7923,8207,8786,8516,8043,7976
4,2,8539,8173,8332,8771,8226,8471,7851,6984,7915,8206,8783,8514,8044,7976
4,2,8537,8177,8339,8773,8199,8476,7847,6996,7914,8205,8798,8514,8048,7978
4,2,8540,8177,8333,8776,8191,8475,7848,6997,7924,8208,8798,8522,8052,7979
4,3,8540,8171,8334,8773,8220,8469,7850,6984,7925,8214,8782,8524,8048,7977
4,2,8539,8173,8339,8773,8222,8476,7847,6984,7925,8216,8787,8513,8041,7975
4,2,8541,8176,8335,8773,8192,8477,7847,6990,7921,8211,8800,8511,8047,7972
4,2,8547,8177,8329,8776,8197,8471,7847,6992,7921,8214,8794,8520,8049,7972
4,2,8542,8174,8334,8781,8227,8474,7849,6989,7919,8211,8783,8517,8042,7975
4,2,8537,8175,8333,8782,8221,8483,7849,6988,7926,8207,8790,8509,8041,7974
4,2,8541,8174,8328,8777,8196,8472,7847,6994,7929,8208,8800,8512,8049,7973
4,2,8544,8173,8332,8774,8203,8467,7845,6990,7923,8210,8794,8515,8047,7977
4,2,8542,8175,8336,8779,8222,8477,7848,6984,7919,8211,8786,8514,8043,7979
4,3,8543,8177,8330,8779,8215,8479,7850,6987,7923,8209,8792,8515,8042,7977
4,2,8546,8175,8328,8774,8198,8470,7849,6989,7921,8212,8796,8516,8043,7978
4,2,8546,8175,8332,8775,8211,8470,7850,6986,7918,8219,8789,8516,8043,7976
4,2,8543,8177,8335,8774,8230,8477,7851,6990,7925,8219,8786,8516,8042,7973
4,2,8540,8173,8336,8771,8210,8476,7848,6995,7922,8206,8793,8521,8047,7975
4,2,8545,8176,8333,8780,8194,8475,7845,6991,7916,8207,8799,8523,8053,7974
4,3,8541,8175,8331,8783,8214,8472,7847,6984,7916,8210,8790,8517,8043,7967
4,2,8534,8171,8327,8774,8226,8474,7851,6984,7927,8213,8787,8512,8034,7968
4,2,8544,8175,8327,8772,8202,8469,7849,6988,7923,8212,8791,8514,8046,7974
4,2,8560,8183,8333,8780,8190,8470,7846,6992,7920,8210,8796,8515,8053,7978
4,3,8548,8177,8335,8781,8210,8476,7848,6992,7922,8212,8792,8516,8042,7976
4,2,8533,8174,8331,8774,8226,8482,7851,6990,7929,8218,8789,8518,8036,7972
4,2,8536,8176,8333,8773,8214,8472,7850,6989,7928,8212,8792,8512,8043,7975
4,2,8544,8176,8335,8777,8198,8468,7847,6987,7924,8207,8800,8508,8046,7977
4,2,8545,8175,8332,8774,8210,8476,7847,6986,7916,8213,8796,8514,8041,7977
4,2,8542,8178,8332,8772,8228,8482,7850,6984,7915,8212,8789,8521,8036,7978
4,2,8538,8181,8331,8781,8206,8479,7852,6987,7923,8206,8794,8520,8039,7980
4,3,8542,8178,8329,8779,8189,8475,7848,6995,7924,8210,8800,8516,8044,7978
4,2,8550,8175,8330,8770,8212,8477,7845,6991,7923,8211,8794,8515,8045,7976
4,2,8544,8174,8333,8772,8220,8480,7847,6983,7924,8207,8790,8514,8046,7976
4,2,8540,8176,8334,8780,8199,8479,7846,6988,7925,8212,8797,8519,8046,7975
4,3,8546,8175,8333,8777,8206,8474,7844,6995,7919,8215,8797,8522,8046,7977
4,2,8547,8174,8328,8771,8228,8479,7851,6991,7920,8210,8790,8515,8045,7974
4,3,8542,8174,8325,8770,8219,8478,7853,6986,7918,8207,8788,8511,8043,7970
4,2,8550,8179,8327,8774,8207,8472,7844,6989,7922,8217,8794,8517,8046,7974
4,2,8551,8178,8333,8778,8205,8470,7844,6987,7925,8216,8794,8521,8050,7974
4,3,8543,8177,8331,8776,8207,8478,7849,6988,7930,8212,8793,8516,8044,7971
4,2,8539,8175,8329,8771,8214,8476,7844,6991,7927,8212,8791,8514,8039,7974
4,3,8537,8175,8329,8777,8217,8473,7840,6995,7928,8212,8794,8513,8044,7976
4,2,8532,8174,8332,8784,8210,8472,7847,6995,7923,8211,8795,8515,8045,7972
4,3,8538,8177,8332,8779,8217,8474,7851,6990,7919,8218,8791,8522,8038,7974
4,2,8547,8178,8330,8775,8222,8476,7851,6989,7918,8219,8785,8522,8040,7977
4,2,8548,8175,8333,8781,8204,8480,7848,6996,7921,8211,8794,8517,8045,7972
4,2,8546,8174,8338,8782,8199,8478,7845,6996,7923,8213,8800,8518,8041,7970
4,2,8544,8177,8335,8774,8222,8476,7851,6987,7929,8216,8792,8520,8038,7979
4,2,8540,8180,8327,8773,8222,8481,7852,6986,7933,8208,8792,8515,8044,7981
4,2,8536,8174,8330,8778,8201,8484,7847,6993,7923,8202,8795,8512,8046,7973
4,3,8539,8172,8332,8776,8211,8478,7848,6992,7916,8211,8790,8513,8042,7970
4,2,8539,8177,8335,8772,8228,8474,7854,6984,7917,8211,8787,8514,8043,7972
4,3,8538,8178,8336,8779,8218,8483,7852,6987,7931,8208,8795,8516,8042,7977
4,2,8535,8171,8338,8785,8213,8484,7851,6994,7930,8205,8798,8516,8042,7977
4,2,8538,8174,8336,8776,8227,8482,7850,6992,7928,8212,8796,8511,8048,7970
4,2,8537,8179,8340,8770,8240,8494,7849,6992,7935,8215,8797,8511,8047,7971
4,2,8532,8180,8351,8787,8260,8530,7854,7006,7947,8207,8815,8512,8037,7980
4,2,8527,8174,8352,8801,8269,8540,7860,7009,7946,8198,8821,8509,8037,7974
4,2,8530,8174,8342,8790,8263,8528,7856,7002,7946,8206,8805,8504,8037,7964
4,2,8531,8177,8338,8778,8255,8520,7850,7001,7941,8208,8798,8503,8033,7966
4,2,8530,8179,8339,8785,8236,8512,7847,7003,7930,8203,8803,8509,8035,7965
4,3,8536,8179,8336,8788,8216,8498,7848,7000,7928,8209,8798,8514,8041,7965
4,2,8535,8176,8334,8782,8225,8497,7854,6997,7932,8210,8794,8516,8041,7972
4,3,8533,8174,8335,8779,8231,8501,7855,6995,7933,8208,8793,8518,8036,7974
4,2,8540,8176,8334,8775,8211,8486,7848,6993,7929,8213,8794,8515,8037,7970
4,2,8544,8181,8328,8772,8201,8472,7843,6991,7923,8216,8795,8514,8043,7970
4,2,8537,8174,8327,8772,8210,8473,7846,6985,7918,8210,8790,8521,8047,7972
4,2,8539,8172,8335,8776,8212,8480,7847,6986,7920,8213,8785,8522,8044,7972
4,2,8540,8180,8338,8779,8207,8472,7845,6990,7917,8213,8790,8517,8045,7973
4,2,8544,8182,8329,8780,8204,8467,7843,6991,7920,8212,8796,8521,8048,7976
4,2,8545,8173,8328,8777,8209,8472,7845,6991,7923,8210,8793,8522,8046,7974
4,2,8541,8175,8334,8778,8214,8481,7846,6991,7929,8210,8792,8517,8046,7972
4,2,8540,8178,8333,8778,8203,8475,7847,6988,7924,8208,8793,8517,8045,7975
4,2,8544,8178,8327,8774,8195,8470,7845,6988,7917,8210,8792,8517,8040,7975
4,2,8542,8177,8329,8772,8202,8463,7842,6983,7914,8215,8788,8516,8040,7976
4,2,8545,8179,8333,8774,8203,8462,7842,6979,7920,8218,8786,8514,8044,7977
4,2,8550,8179,8329,8773,8193,8462,7845,6982,7917,8213,8788,8519,8044,7977
4,2,8543,8178,8328,8770,8200,8461,7847,6984,7912,8209,8790,8526,8044,7977
4,2,8536,8176,8335,8775,8211,8462,7847,6983,7917,8216,8787,8524,8046,7977
4,2,8540,8175,8333,8778,8204,8466,7846,6983,7920,8220,8788,8516,8047,7975
4,3,8547,8177,8328,8773,8196,8468,7846,6987,7921,8215,8792,8515,8049,7975
4,2,8544,8178,8330,8772,8202,8470,7848,6988,7919,8210,8789,8519,8047,7974
4,3,8537,8181,8333,8776,8208,8471,7848,6988,7921,8215,8785,8519,8039,7970
4,2,8534,8180,8335,8774,8206,8467,7848,6984,7916,8215,8790,8517,8043,7972
4,2,8539,8177,8335,8774,8207,8469,7848,6986,7920,8214,8795,8512,8057,7976
4,3,8541,8175,8333,8776,8212,8476,7851,6993,7921,8212,8790,8511,8051,7974
4,2,8542,8180,8333,8775,8216,8481,7849,6995,7920,8213,8787,8518,8040,7971
4,2,8541,8182,8337,8772,8212,8476,7848,6989,7916,8210,8791,8519,8045,7971
4,2,8539,8181,8336,8773,8209,8473,7851,6985,7919,8207,8795,8516,8048,7974
4,2,8540,8176,8336,8775,8213,8470,7853,6990,7919,8206,8789,8516,8042,7972
4,2,8545,8174,8335,8773,8214,8476,7848,6994,7924,8214,8786,8518,8041,7970
4,3,8543,8177,8333,8774,8207,8479,7849,6991,7926,8217,8793,8518,8046,7973
4,2,8538,8182,8332,8777,8206,8475,7850,6990,7922,8212,8794,8516,8040,7974
4,2,8538,8181,8332,8778,8212,8471,7848,6991,7924,8212,8784,8516,8037,7969
4,2,8537,8175,8335,8776,8215,8474,7851,6986,7927,8214,8786,8514,8046,7969
4,2,8535,8176,8341,8780,8212,8479,7846,6988,7920,8208,8795,8511,8050,7973
4,3,8546,8182,8345,8782,8213,8484,7847,6999,7923,8211,8797,8521,8055,7978
4,2,8562,8181,8363,8777,8232,8483,7884,7002,7927,8220,8811,8532,8077,7991
4,2,8553,8168,8409,8773,8250,8465,7920,6994,7902,8203,8835,8520,8103,8010
4,2,8530,8157,8435,8772,8239,8445,7901,6993,7879,8176,8840,8499,8097,8004
4,2,8516,8153,8396,8771,8214,8443,7868,6997,7881,8171,8807,8499,8064,7971
4,2,8527,8166,8331,8776,8209,8462,7858,6997,7905,8199,8775,8513,8041,7947
4,3,8542,8179,8312,8779,8213,8477,7848,6992,7924,8223,8774,8528,8040,7955
4,2,8545,8180,8328,8777,8210,8480,7838,6995,7933,8221,8791,8528,8043,7970
4,2,8539,8176,8336,8773,8207,8471,7841,6996,7920,8206,8795,8516,8043,7973
4,3,8540,8181,8328,8773,8209,8475,7843,6993,7921,8206,8790,8516,8039,7970
4,2,8539,8182,8322,8775,8213,8480,7843,6990,7929,8216,8780,8523,8034,7966
4,3,8537,8177,8321,8777,8217,8476,7846,6989,7927,8218,8781,8521,8035,7968
4,2,8537,8179,8326,8777,8211,8469,7848,6989,7922,8213,8788,8519,8043,7975
4,3,8538,8180,8332,8776,8202,8473,7849,6991,7923,8208,8792,8518,8040,7972
4,2,8539,8177,8330,8775,8208,8477,7846,6995,7922,8213,8788,8519,8038,7968
4,3,8543,8179,8326,8775,8215,8475,7842,6993,7923,8218,8790,8525,8043,7976
4,2,8546,8181,8330,8774,8207,8474,7847,6991,7928,8221,8794,8525,8043,7981
4,2,8536,8176,8334,8779,8207,8470,7855,6991,7922,8216,8791,8516,8044,7973
4,2,8532,8173,8334,8782,8221,8473,7852,6993,7917,8211,8790,8512,8048,7969
4,2,8539,8175,8334,8777,8221,8475,7848,6993,7918,8210,8791,8516,8046,7969
4,2,8543,8177,8337,8776,8212,8477,7851,6991,7917,8211,8792,8520,8039,7973
4,2,8534,8176,8337,8778,8215,8474,7852,6986,7913,8202,8793,8514,8040,7974
4,3,8534,8178,8332,8774,8218,8474,7844,6985,7924,8209,8792,8510,8042,7966
4,2,8538,8178,8328,8773,8211,8476,7846,6990,7928,8221,8785,8520,8040,7966
4,3,8544,8182,8329,8782,8209,8480,7853,6993,7926,8220,8788,8527,8045,7978
4,2,8543,8182,8336,8783,8215,8473,7848,6992,7923,8212,8793,8519,8047,7977
4,2,8538,8177,8334,8777,8214,8473,7839,6993,7928,8219,8785,8515,8036,7965
4,2,8548,8180,8315,8780,8210,8485,7845,6992,7936,8226,8777,8526,8035,7968
4,2,8563,8196,8306,8781,8212,8492,7850,6991,7946,8227,8783,8533,8042,7977
4,3,8559,8197,8322,8777,8217,8485,7848,6993,7947,8223,8792,8531,8046,7980
4,3,8545,8181,8341,8775,8219,8479,7849,6988,7937,8215,8801,8522,8043,7983
4,2,8536,8177,8351,8775,8216,8474,7854,6982,7925,8211,8805,8517,8043,7983
4,2,8531,8179,8351,8775,8214,8470,7855,6990,7921,8213,8801,8513,8049,7981
4,2,8536,8180,8339,8777,8211,8474,7846,6994,7925,8215,8793,8515,8052,7981
4,2,8539,8178,8335,8778,8205,8477,7844,6987,7922,8214,8791,8523,8046,7978
4,2,8532,8175,8340,8781,8205,8475,7848,6986,7921,8215,8790,8524,8040,7971
4,2,8521,8174,8325,8778,8209,8467,7837,6986,7920,8206,8779,8515,8030,7960
4,2,8515,8179,8283,8769,8191,8467,7798,6982,7922,8204,8758,8503,7999,7936
4,3,8514,8182,8238,8771,8155,8476,7759,6982,7929,8217,8732,8504,7972,7916
4,2,8533,8195,8219,8780,8158,8497,7754,6991,7954,8240,8725,8531,7975,7927
4,2,8553,8213,8232,8782,8190,8510,7779,6993,7980,8256,8739,8561,7996,7953
4,3,8556,8216,8254,8782,8188,8509,7788,6992,7991,8260,8764,8551,8009,7970
4,2,8546,8206,8276,8781,8166,8493,7779,6999,7972,8255,8778,8531,8019,7976
4,2,8539,8202,8290,8783,8174,8491,7788,7001,7955,8249,8773,8538,8029,7978
4,2,8538,8195,8306,8785,8199,8489,7811,6991,7940,8237,8770,8538,8037,7980
4,3,8540,8182,8331,8779,8211,8474,7827,6988,7929,8221,8788,8518,8039,7982
4,2,8538,8175,8346,8774,8211,8464,7839,6991,7925,8216,8805,8511,8039,7983
4,2,8532,8178,8347,8774,8215,8468,7845,6986,7917,8210,8802,8510,8045,7977
4,2,8529,8176,8348,8775,8220,8471,7848,6987,7909,8199,8792,8503,8048,7968
4,3,8531,8170,8344,8775,8210,8472,7847,6992,7914,8202,8791,8508,8044,7969
4,2,8534,8176,8331,8776,8197,8473,7838,6991,7923,8214,8792,8523,8038,7978
4,2,8534,8182,8331,8775,8206,8469,7838,6989,7918,8213,8792,8520,8035,7975
4,3,8535,8181,8330,8782,8217,8473,7843,6991,7924,8213,8788,8510,8035,7964
4,2,8535,8178,8325,8782,8211,8477,7842,6992,7923,8213,8787,8513,8042,7963
4,2,8536,8183,8330,8773,8209,8476,7840,6989,7921,8212,8795,8520,8044,7968
4,2,8536,8181,8337,8773,8215,8471,7848,6985,7919,8206,8793,8517,8043,7970
4,2,8539,8175,8334,8777,8214,8472,7848,6984,7922,8206,8790,8508,8044,7970
4,2,8536,8174,8328,8775,8213,8466,7839,6984,7921,8207,8791,8504,8046,7970
4,2,8533,8178,8328,8777,8215,8470,7840,6988,7923,8213,8792,8511,8042,7970
4,2,8533,8179,8333,8777,8215,8475,7849,6992,7917,8218,8789,8513,8043,7972
4,2,8535,8183,8335,8777,8219,8478,7848,6988,7921,8218,8793,8510,8044,7974
4,2,8538,8186,8331,8780,8221,8476,7841,6981,7929,8218,8796,8516,8043,7972
4,2,8539,8182,8331,8778,8220,8476,7843,6989,7923,8216,8796,8518,8046,7975
4,2,8538,8183,8339,8773,8216,8480,7850,6994,7920,8212,8795,8509,8045,7978
4,2,8538,8186,8340,8772,8215,8476,7847,6987,7923,8207,8790,8510,8040,7970
4,3,8539,8181,8330,8775,8214,8477,7842,6984,7920,8215,8789,8517,8040,7963
4,2,8538,8178,8331,8775,8217,8481,7849,6988,7918,8220,8795,8519,8049,7973
4,2,8535,8184,8339,8774,8219,8475,7854,6990,7925,8216,8802,8515,8050,7980
4,2,8535,8181,8337,8773,8215,8470,7849,6989,7924,8213,8800,8510,8044,7970
4,2,8544,8179,8329,8774,8210,8479,7844,6994,7928,8219,8797,8518,8043,7969
4,3,8539,8182,8333,8776,8213,8476,7851,6996,7929,8213,8795,8525,8044,7979
4,2,8532,8183,8334,8774,8220,8470,7854,6992,7928,8208,8795,8514,8042,7979
4,3,8538,8178,8330,8774,8219,8478,7851,6990,7925,8217,8790,8509,8047,7972
4,2,8546,8181,8335,8777,8214,8483,7849,6994,7925,8223,8796,8517,8049,7972
4,3,8539,8178,8339,8779,8213,8474,7850,6990,7921,8211,8799,8517,8041,7972
4,2,8538,8179,8332,8776,8218,8481,7851,6988,7929,8214,8794,8516,8042,7971
4,3,8539,8181,8334,8774,8216,8482,7851,6993,7927,8222,8796,8514,8050,7971
4,2,8537,8179,8338,8777,8211,8472,7852,6992,7917,8212,8801,8510,8046,7968
4,2,8540,8179,8330,8777,8213,8473,7851,6989,7918,8207,8792,8516,8040,7967
4,2,8539,8182,8325,8773,8218,8483,7848,6993,7926,8216,8787,8522,8042,7971
4,2,8537,8182,8333,8774,8216,8482,7848,6995,7926,8216,8791,8517,8040,7973
4,2,8537,8178,8335,8776,8213,8476,7848,6992,7922,8205,8794,8516,8037,7975
4,2,8537,8182,8330,8773,8218,8479,7845,6997,7926,8207,8795,8519,8044,7977
4,2,8535,8182,8337,8775,8222,8479,7846,6999,7925,8211,8796,8512,8050,7970
4,2,8541,8183,8340,8781,8221,8485,7849,6995,7927,8214,8793,8510,8049,7966
4,2,8539,8183,8337,8783,8225,8489,7848,6995,7927,8216,8794,8523,8048,7973
4,2,8530,8179,8333,8783,8226,8489,7849,6996,7928,8215,8799,8522,8045,7973
4,2,8532,8179,8332,8782,8220,8485,7853,6993,7928,8209,8794,8510,8045,7964
4,2,8540,8185,8334,8779,8226,8490,7851,6994,7934,8212,8793,8513,8047,7966
4,2,8534,8178,8340,8780,8241,8496,7852,6997,7928,8209,8800,8517,8043,7973
4,2,8527,8173,8338,8784,8241,8503,7854,6998,7932,8205,8805,8512,8037,7972
4,2,8532,8182,8334,8781,8230,8505,7851,6996,7944,8213,8801,8516,8041,7972
4,2,8533,8184,8345,8777,8227,8501,7849,6994,7938,8210,8803,8514,8047,7974
4,3,8527,8173,8350,8779,8227,8489,7850,6994,7917,8194,8797,8504,8045,7970
4,2,8531,8180,8335,8782,8224,8487,7849,6998,7922,8201,8790,8513,8043,7964
4,2,8537,8191,8330,8777,8221,8489,7847,6998,7933,8212,8797,8523,8045,7969
4,2,8532,8185,8335,8775,8220,8483,7848,6994,7923,8206,8801,8513,8041,7971
4,2,8531,8184,8329,8782,8219,8486,7848,6994,7920,8212,8795,8514,8037,7966
4,3,8539,8188,8326,8781,8220,8493,7847,6995,7926,8219,8797,8525,8043,7969
4,2,8541,8181,8330,8775,8219,8486,7848,6993,7926,8210,8798,8519,8046,7973
4,2,8534,8172,8332,8773,8218,8478,7848,6992,7921,8206,8793,8510,8042,7972
4,2,8537,8180,8334,8777,8215,8480,7843,6996,7922,8212,8793,8514,8041,7971
4,2,8540,8186,8336,8776,8214,8473,7847,6996,7923,8211,8792,8519,8044,7976
4,2,8537,8184,8328,8775,8213,8466,7853,6990,7922,8211,8792,8520,8045,7978
4,2,8533,8183,8326,8776,8209,8468,7849,6984,7916,8211,8792,8522,8045,7973
4,2,8538,8186,8327,8776,8208,8474,7843,6987,7919,8215,8790,8525,8046,7970
4,2,8544,8186,8325,8775,8206,8470,7844,6988,7924,8219,8788,8523,8044,7975
4,2,8540,8184,8324,8776,8199,8466,7845,6985,7926,8220,8787,8521,8044,7978
4,2,8537,8182,8326,8776,8190,8458,7846,6984,7917,8218,8784,8526,8047,7975
4,3,8544,8185,8326,8772,8188,8455,7848,6985,7912,8217,8787,8531,8047,7975
4,2,8548,8186,8327,8770,8191,8459,7846,6983,7916,8215,8788,8526,8044,7978
4,3,8536,8180,8328,8771,8197,8463,7845,6984,7917,8216,8788,8518,8048,7975
4,2,8530,8178,8328,8773,8196,8457,7847,6984,7912,8216,8789,8517,8050,7975
4,2,8541,8181,8331,8773,8196,8451,7846,6982,7909,8212,8790,8519,8049,7981
4,2,8546,8179,8334,8773,8198,8455,7847,6983,7914,8215,8788,8523,8050,7979
4,2,8535,8178,8333,8773,8196,8456,7852,6980,7915,8216,8787,8521,8046,7972
4,2,8535,8187,8330,8773,8197,8458,7845,6979,7917,8216,8788,8516,8040,7972
4,3,8541,8184,8330,8772,8202,8462,7838,6981,7918,8212,8788,8516,8044,7977
4,2,8540,8177,8329,8773,8201,8467,7842,6982,7923,8217,8789,8522,8048,7979
4,2,8534,8179,8329,8772,8195,8462,7847,6977,7921,8221,8789,8525,8045,7981
4,3,8540,8189,8328,8772,8197,8462,7844,6982,7922,8224,8789,8523,8044,7982
4,2,8544,8184,8331,8773,8200,8463,7844,6987,7921,8218,8788,8523,8048,7978
4,2,8540,8181,8331,8774,8198,8462,7846,6984,7914,8214,8791,8521,8045,7975
4,2,8534,8185,8333,8772,8197,8461,7847,6981,7910,8213,8789,8519,8043,7975
4,3,8535,8185,8333,8775,8204,8465,7847,6983,7920,8218,8785,8521,8045,7974
4,2,8539,8180,8330,8777,8206,8459,7848,6985,7919,8223,8785,8519,8047,7976
4,2,8540,8181,8331,8776,8202,8461,7846,6988,7918,8218,8793,8515,8047,7978
4,2,8537,8184,8332,8774,8199,8469,7845,6993,7925,8214,8794,8521,8049,7979
4,2,8540,8182,8329,8772,8206,8472,7847,6992,7925,8217,8786,8529,8050,7978
4,2,8544,8181,8330,8773,8212,8470,7848,6986,7919,8217,8785,8520,8046,7975
4,2,8538,8182,8334,8775,8211,8469,7846,6984,7919,8216,8791,8507,8045,7970
4,3,8538,8186,8331,8774,8213,8472,7845,6991,7925,8216,8792,8516,8044,7971
4,2,8539,8186,8329,8774,8213,8479,7849,6996,7924,8211,8792,8524,8041,7974
4,2,8537,8183,8330,8775,8208,8483,7850,6994,7925,8209,8795,8516,8046,7977
4,2,8532,8180,8333,8776,8211,8474,7849,6991,7923,8211,8794,8512,8049,7978
4,2,8537,8186,8330,8777,8212,8471,7843,6993,7926,8217,8795,8519,8043,7977
4,2,8541,8188,8329,8779,8201,8470,7843,6992,7920,8215,8793,8520,8041,7973
4,2,8541,8188,8330,8782,8204,8476,7847,6993,7924,8216,8788,8516,8042,7971
4,3,8541,8185,8331,8779,8214,8475,7847,6995,7924,8217,8789,8518,8041,7970
4,2,8537,8185,8334,8777,8214,8472,7846,6993,7920,8219,8794,8516,8040,7972
4,3,8533,8185,8336,8775,8211,8471,7848,6989,7917,8213,8791,8517,8046,7975
4,2,8533,8185,8330,8773,8214,8474,7848,6989,7922,8209,8789,8518,8048,7973
4,2,8537,8182,8328,8772,8213,8475,7847,6992,7923,8212,8788,8514,8047,7972
4,2,8538,8182,8334,8775,8215,8476,7848,6994,7925,8213,8790,8513,8045,7976
4,2,8541,8186,8333,8777,8214,8474,7849,6995,7928,8214,8790,8516,8046,7977
4,2,8540,8186,8330,8773,8208,8469,7847,6991,7925,8219,8789,8518,8047,7974
4,2,8537,8183,8332,8774,8208,8470,7845,6991,7927,8226,8790,8522,8042,7975
4,2,8536,8181,8335,8777,8213,8470,7846,6994,7927,8220,8794,8523,8042,7974
4,2,8539,8180,8332,8778,8213,8475,7848,6992,7928,8215,8796,8518,8047,7972
4,2,8539,8180,8331,8775,8207,8478,7849,6990,7922,8218,8793,8514,8047,7976
4,3,8540,8181,8335,8775,8206,8477,7846,6991,7919,8218,8791,8514,8041,7977
4,2,8536,8179,8334,8774,8209,8470,7847,6992,7917,8213,8786,8512,8043,7976
4,3,8538,8179,8329,8773,8212,8469,7852,6992,7921,8215,8788,8514,8051,7978
4,2,8546,8181,8337,8775,8215,8467,7859,6990,7918,8212,8790,8525,8056,7980
4,2,8554,8186,8351,8776,8218,8473,7869,6993,7921,8211,8797,8528,8060,7985
4,2,8555,8189,8360,8776,8220,8476,7881,6999,7923,8215,8805,8524,8067,7988
4,2,8559,8185,8364,8780,8228,8478,7889,6997,7923,8216,8815,8525,8072,7992
4,2,8557,8177,8368,8783,8233,8473,7895,6989,7917,8212,8818,8527,8078,7995
4,2,8542,8176,8370,8779,8229,8469,7891,6990,7912,8206,8820,8518,8076,7996
4,2,8536,8175,8373,8772,8227,8462,7880,6994,7905,8198,8819,8511,8069,7990
4,2,8540,8171,8379,8772,8231,8458,7882,6991,7895,8193,8815,8512,8069,7984
4,3,8544,8174,8379,8776,8230,8463,7892,6990,7895,8200,8815,8511,8075,7987
4,2,8537,8175,8377,8775,8228,8460,7886,6990,7893,8196,8820,8504,8071,7981
4,3,8525,8171,8372,8772,8227,8454,7872,6983,7888,8187,8816,8496,8057,7973
4,2,8520,8172,8353,8773,8218,8456,7865,6981,7898,8190,8794,8500,8042,7964
4,2,8533,8184,8321,8775,8207,8472,7853,6991,7924,8215,8780,8522,8037,7960
4,3,8543,8189,8313,8775,8210,8480,7846,6996,7931,8227,8785,8531,8041,7965
4,2,8538,8184,8332,8773,8217,8480,7854,6991,7926,8214,8795,8519,8045,7973
4,3,8532,8179,8335,8775,8211,8477,7861,6990,7926,8208,8790,8519,8043,7972
4,2,8540,8185,8318,8781,8206,8481,7849,6996,7932,8219,8780,8530,8038,7965
4,2,8542,8184,8321,8780,8212,8482,7841,6997,7925,8216,8783,8523,8037,7975
4,2,8534,8180,8332,8777,8217,8481,7847,6992,7924,8209,8795,8515,8042,7981
4,2,8534,8181,8328,8781,8210,8475,7846,6991,7927,8215,8792,8518,8044,7973
4,2,8540,8183,8323,8782,8204,8474,7837,6995,7929,8222,8784,8517,8040,7968
4,3,8539,8182,8328,8777,8209,8472,7843,6996,7924,8215,8786,8518,8040,7973
4,2,8533,8183,8328,8776,8214,8476,7853,6993,7921,8210,8788,8519,8038,7975
4,2,8532,8187,8322,8778,8205,8475,7844,6991,7924,8216,8782,8515,8037,7970
4,3,8537,8186,8320,8781,8195,8470,7840,6990,7928,8221,8789,8516,8042,7970
4,2,8541,8178,8326,8781,8205,8471,7848,6990,7927,8221,8799,8522,8044,7976
4,2,8535,8176,8331,8775,8216,8477,7849,6991,7919,8216,8792,8520,8045,7977
4,2,8536,8184,8328,8777,8209,8480,7843,6989,7923,8213,8785,8520,8048,7975
4,2,8537,8184,8328,8781,8202,8473,7846,6987,7928,8206,8785,8520,8051,7973
4,2,8534,8177,8328,8782,8211,8471,7846,6992,7926,8212,8787,8513,8048,7972
4,3,8533,8177,8330,8777,8220,8472,7845,6995,7919,8214,8785,8513,8049,7973
4,2,8536,8184,8333,8775,8214,8474,7843,6993,7926,8211,8787,8514,8051,7975
4,3,8534,8183,8336,8776,8203,8474,7840,6993,7927,8210,8790,8513,8046,7973
4,2,8537,8180,8333,8774,8209,8477,7839,6993,7928,8216,8791,8519,8040,7971
4,2,8539,8178,8333,8773,8216,8476,7839,6988,7927,8218,8785,8525,8044,7973
4,2,8538,8181,8333,8775,8214,8475,7841,6987,7927,8213,8785,8521,8050,7976
4,2,8536,8181,8332,8776,8211,8473,7846,6992,7925,8205,8791,8517,8044,7976
4,3,8537,8179,8332,8775,8212,8474,7846,6992,7925,8207,8792,8518,8035,7976
4,2,8538,8182,8331,8773,8210,8475,7844,6990,7922,8213,8787,8521,8040,7976
4,2,8539,8184,8332,8776,8205,8476,7848,6990,7920,8214,8791,8521,8047,7976
4,2,8541,8179,8333,8782,8205,8475,7850,6990,7924,8214,8794,8520,8043,7977
4,2,8543,8180,8333,8776,8211,8477,7845,6990,7925,8213,8788,8520,8041,7976
4,2,8542,8189,8331,8771,8209,8478,7844,6991,7924,8212,8787,8519,8044,7973
4,2,8538,8187,8331,8776,8202,8470,7846,6991,7920,8211,8795,8518,8040,7972
4,2,8543,8178,8330,8776,8206,8467,7843,6995,7920,8215,8799,8516,8038,7973
4,3,8541,8174,8333,8771,8214,8469,7844,6992,7919,8214,8790,8515,8044,7970
4,2,8536,8178,8334,8774,8215,8474,7849,6981,7922,8218,8787,8517,8045,7969
4,3,8534,8181,8331,8777,8208,8468,7850,6979,7919,8214,8793,8517,8043,7970
4,2,8538,8184,8329,8776,8200,8471,7844,6990,7925,8211,8795,8514,8046,7972
4,3,8540,8182,8332,8776,8198,8475,7849,6989,7925,8210,8790,8520,8049,7975
4,2,8540,8181,8333,8777,8210,8477,7855,6984,7926,8213,8789,8524,8044,7975
4,2,8537,8182,8330,8777,8211,8472,7848,6990,7923,8213,8789,8516,8045,7971
4,2,8536,8182,8328,8779,8203,8471,7844,6997,7925,8214,8789,8511,8047,7974
4,2,8535,8180,8330,8779,8206,8470,7847,6995,7924,8214,8787,8515,8044,7977
4,2,8533,8180,8332,8776,8215,8472,7845,6992,7920,8215,8789,8516,8039,7969
4,2,8534,8181,8334,8773,8211,8474,7845,6991,7915,8218,8794,8513,8042,7969
4,3,8537,8180,8334,8774,8206,8470,7850,6992,7919,8221,8795,8514,8045,7979
4,2,8541,8181,8331,8776,8211,8468,7845,6995,7926,8219,8793,8515,8042,7980
4,2,8539,8180,8331,8775,8215,8472,7841,6990,7920,8210,8794,8515,8042,7972
4,2,8537,8179,8333,8775,8214,8474,7848,6987,7919,8212,8793,8520,8043,7974
4,2,8541,8178,8333,8773,8210,8472,7851,6990,7920,8216,8792,8520,8046,7977
4,2,8544,8180,8330,8775,8207,8473,7846,6992,7925,8213,8793,8512,8052,7972
4,2,8538,8177,8333,8775,8211,8469,7846,6987,7922,8206,8791,8513,8052,7972
4,2,8538,8179,8338,8774,8213,8472,7851,6989,7917,8209,8791,8520,8045,7973
4,2,8541,8177,8336,8773,8210,8469,7851,6994,7915,8209,8791,8519,8043,7973
4,3,8540,8177,8332,8774,8213,8469,7845,6991,7923,8214,8792,8515,8044,7975
4,2,8536,8177,8335,8777,8217,8466,7850,6988,7923,8216,8792,8514,8045,7978
4,3,8537,8178,8336,8776,8215,8469,7854,6990,7923,8211,8796,8517,8050,7976
4,2,8541,8179,8337,8776,8213,8472,7851,6992,7922,8213,8795,8520,8050,7976
4,2,8538,8179,8339,8775,8220,8473,7851,6991,7920,8218,8795,8515,8046,7980
4,3,8536,8173,8338,8773,8220,8470,7853,6988,7915,8212,8792,8512,8047,7974
4,2,8539,8172,8331,8774,8212,8471,7849,6986,7916,8210,8789,8518,8045,7970
4,2,8541,8179,8327,8772,8208,8473,7845,6993,7921,8217,8791,8525,8042,7972
4,2,8541,8180,8331,8775,8211,8471,7847,6998,7922,8215,8795,8520,8040,7973
4,2,8545,8179,8332,8783,8207,8474,7846,6993,7922,8213,8792,8516,8041,7974
4,2,8544,8179,8324,8783,8204,8474,7846,6992,7922,8217,8788,8519,8040,7974
4,3,8541,8181,8321,8775,8209,8470,7848,6997,7927,8218,8791,8523,8043,7971
4,2,8540,8179,8332,8773,8212,8471,7852,6995,7920,8215,8789,8517,8046,7973
4,2,8546,8181,8333,8777,8208,8478,7846,6992,7919,8217,8789,8512,8042,7976
4,2,8548,8182,8328,8775,8207,8474,7841,6988,7919,8218,8792,8515,8042,7975
4,2,8546,8179,8330,8774,8208,8475,7844,6988,7922,8218,8793,8513,8046,7978
4,2,8538,8173,8336,8775,8206,8475,7848,6993,7920,8211,8789,8511,8045,7977
4,2,8538,8177,8330,8777,8206,8474,7844,6995,7926,8210,8792,8518,8037,7972
4,2,8539,8181,8325,8774,8206,8471,7849,6988,7925,8214,8793,8518,8042,7974
4,2,8538,8180,8332,8773,8212,8474,7850,6985,7923,8215,8794,8509,8050,7975
4,2,8541,8180,8338,8774,8216,8474,7844,6990,7918,8209,8792,8515,8048,7971
4,2,8546,8181,8335,8774,8210,8475,7846,6991,7917,8214,8789,8526,8045,7975
4,3,8542,8175,8333,8775,8204,8473,7850,6987,7919,8216,8792,8524,8047,7976
4,2,8534,8175,8331,8776,8210,8468,7848,6986,7918,8209,8796,8516,8048,7971
4,3,8539,8177,8327,8776,8212,8467,7847,6988,7919,8214,8793,8517,8046,7972
4,2,8547,8173,8327,8775,8207,8467,7846,6983,7920,8219,8788,8517,8042,7975
4,2,8548,8176,8326,8774,8205,8470,7843,6981,7920,8213,8790,8517,8037,7975
4,2,8549,8179,8327,8774,8204,8468,7845,6991,7916,8208,8789,8519,8040,7972
4,2,8549,8178,8330,8777,8207,8467,7846,6994,7923,8217,8785,8522,8048,7970
4,2,8540,8176,8332,8776,8212,8469,7845,6985,7925,8216,8787,8520,8046,7969
4,2,8539,8179,8332,8773,8206,8475,7848,6984,7926,8214,8794,8514,8043,7969
4,3,8545,8175,8334,8773,8197,8473,7850,6987,7923,8215,8793,8515,8045,7973
4,2,8545,8175,8332,8774,8208,8475,7851,6986,7923,8213,8790,8521,8045,7977
4,2,8542,8176,8331,8772,8218,8476,7853,6983,7924,8212,8791,8521,8044,7975
4,2,8546,8177,8330,8774,8210,8476,7849,6987,7929,8214,8793,8520,8039,7974
4,2,8547,8178,8329,8775,8207,8476,7845,6992,7924,8211,8788,8520,8041,7975
4,2,8546,8177,8329,8773,8215,8480,7845,6990,7921,8211,8789,8517,8046,7977
4,3,8546,8176,8331,8772,8214,8477,7843,6990,7925,8216,8790,8513,8044,7976
4,2,8539,8176,8328,8778,8207,8472,7840,6993,7929,8218,8792,8516,8041,7973
4,2,8538,8176,8325,8781,8204,8472,7843,6993,7925,8215,8792,8521,8044,7971
4,2,8547,8179,8330,8778,8208,8477,7847,6989,7921,8209,8790,8522,8046,7973
4,3,8548,8178,8333,8777,8215,8480,7848,6991,7926,8209,8791,8520,8046,7975
4,2,8536,8174,8334,8776,8214,8472,7847,6990,7923,8210,8791,8518,8048,7973
4,3,8536,8178,8332,8774,8210,8472,7845,6990,7917,8210,8789,8515,8047,7972
4,2,8545,8176,8327,8773,8211,8476,7844,6993,7916,8206,8791,8514,8048,7974
4,2,8547,8176,8326,8775,8213,8476,7844,6990,7923,8212,8794,8516,8045,7977
4,2,8543,8178,8332,8776,8212,8469,7846,6989,7923,8215,8789,8515,8041,7974
4,2,8542,8175,8336,8773,8209,8472,7846,6996,7929,8217,8788,8516,8043,7969
4,2,8539,8169,8331,8773,8206,8474,7843,6997,7929,8217,8793,8518,8046,7974
4,2,8539,8173,8326,8779,8213,8475,7844,6989,7927,8218,8793,8515,8043,7980
4,2,8542,8175,8331,8778,8218,8472,7849,6988,7925,8213,8790,8512,8043,7978
4,2,8545,8172,8335,8778,8210,8471,7850,6993,7925,8213,8791,8513,8042,7975
4,3,8544,8170,8332,8781,8208,8476,7849,6992,7915,8211,8789,8517,8040,7976
4,2,8545,8172,8329,8777,8214,8482,7850,6990,7917,8203,8788,8516,8041,7975
4,3,8548,8173,8332,8771,8211,8475,7851,6992,7924,8205,8787,8514,8043,7974
4,2,8546,8174,8337,8777,8208,8471,7850,6991,7922,8213,8791,8514,8045,7977
4,2,8548,8175,8332,8780,8209,8478,7846,6990,7922,8212,8793,8517,8045,7979
4,3,8550,8177,8325,8773,8213,8478,7845,6990,7924,8212,8791,8522,8043,7972
4,2,8546,8176,8327,8772,8215,8470,7847,6989,7925,8218,8790,8520,8042,7968
4,2,8539,8175,8334,8774,8215,8470,7844,6986,7924,8213,8789,8512,8043,7975
4,2,8545,8179,8332,8775,8213,8479,7840,6989,7924,8210,8787,8514,8045,7978
4,2,8548,8177,8334,8774,8212,8477,7847,6991,7919,8213,8789,8519,8043,7973
4,2,8550,8174,8337,8774,8212,8474,7849,6990,7921,8210,8794,8516,8038,7969
4,2,8550,8172,8334,8777,8214,8470,7851,6987,7921,8205,8790,8516,8046,7973
4,2,8546,8177,8340,8776,8218,8473,7858,6991,7923,8210,8793,8521,8051,7980
4,2,8540,8176,8352,8773,8219,8471,7862,6994,7919,8209,8802,8518,8050,7982
4,2,8543,8173,8352,8775,8220,8469,7859,6994,7916,8208,8803,8518,8055,7980
4,2,8552,8172,8349,8776,8220,8468,7859,6994,7911,8207,8796,8520,8059,7977
4,2,8554,8172,8353,8772,8217,8476,7861,6993,7915,8210,8796,8520,8056,7981
4,2,8549,8170,8355,8772,8216,8474,7863,6991,7917,8213,8802,8516,8055,7984
4,3,8552,8170,8356,8774,8224,8465,7867,6991,7914,8206,8803,8517,8062,7984
4,2,8550,8168,8362,8771,8224,8458,7862,6991,7903,8194,8797,8516,8059,7978
4,2,8539,8166,8350,8771,8213,8462,7851,6985,7898,8197,8785,8510,8044,7966
4,2,8550,8179,8316,8776,8208,8482,7848,6987,7923,8221,8773,8519,8037,7962
4,2,8566,8187,8303,8775,8211,8491,7844,6995,7946,8232,8776,8534,8040,7972
4,2,8557,8179,8320,8773,8211,8480,7839,6994,7937,8225,8792,8532,8044,7981
4,2,8541,8172,8327,8774,8202,8472,7843,6985,7922,8215,8790,8522,8038,7972
4,2,8548,8181,8313,8775,8198,8482,7839,6986,7939,8223,8778,8526,8034,7965
4,2,8555,8183,8309,8774,8207,8484,7832,6991,7945,8230,8781,8532,8036,7974
4,3,8556,8180,8319,8775,8207,8483,7837,6994,7935,8228,8793,8526,8040,7985
4,2,8549,8177,8335,8778,8204,8478,7845,6992,7927,8221,8794,8525,8045,7984
4,3,8541,8176,8338,8776,8212,8473,7842,6985,7925,8216,8793,8523,8045,7981
4,2,8545,8173,8332,8772,8211,8471,7844,6984,7918,8212,8790,8522,8046,7983
4,2,8556,8173,8325,8778,8201,8474,7847,6992,7923,8217,8789,8524,8042,7981
4,2,8557,8171,8329,8780,8198,8468,7844,6990,7929,8222,8790,8525,8041,7977
4,2,8547,8171,8335,8776,8202,8469,7842,6983,7924,8218,8795,8522,8045,7977
4,2,8542,8174,8333,8774,8203,8475,7845,6992,7919,8216,8796,8521,8045,7978
4,2,8542,8176,8330,8774,8209,8472,7848,7000,7921,8215,8795,8521,8043,7973
4,2,8540,8174,8335,8775,8215,8470,7847,6993,7921,8204,8793,8518,8042,7969
4,2,8539,8173,8341,8776,8211,8476,7846,6988,7918,8201,8793,8517,8043,7969
4,2,8546,8173,8334,8775,8205,8474,7846,6990,7924,8213,8793,8516,8043,7970
4,2,8553,8172,8327,8774,8207,8469,7849,6990,7929,8218,8790,8515,8044,7973
4,2,8553,8176,8333,8777,8213,8474,7852,6991,7924,8216,8793,8519,8047,7979
4,2,8547,8173,8344,8775,8209,8475,7849,6991,7913,8210,8797,8520,8047,7977
4,2,8545,8164,8343,8774,8206,8474,7847,6990,7913,8212,8792,8517,8042,7970
4,3,8546,8166,8330,8777,8210,8475,7851,6990,7920,8216,8787,8523,8043,7974
4,2,8552,8179,8325,8777,8213,8480,7852,6991,7927,8218,8793,8526,8046,7979
4,2,8554,8177,8336,8773,8213,8476,7853,6992,7921,8211,8795,8517,8047,7978
4,3,8555,8173,8339,8775,8212,8474,7855,6992,7921,8211,8792,8512,8045,7982
4,2,8556,8176,8333,8778,8213,8473,7855,6988,7923,8217,8788,8525,8046,7985
4,3,8555,8178,8335,8779,8216,8476,7853,6989,7924,8220,8792,8532,8052,7981
4,2,8551,8174,8337,8776,8210,8470,7852,6993,7918,8217,8794,8520,8052,7978
4,2,8544,8171,8328,8774,8205,8469,7844,6988,7919,8216,8787,8510,8041,7974
4,2,8543,8176,8321,8775,8206,8477,7839,6986,7925,8218,8781,8516,8036,7970
4,2,8549,8179,8325,8775,8212,8478,7842,6993,7926,8220,8790,8523,8041,7973
4,2,8551,8170,8329,8775,8209,8473,7841,6991,7919,8221,8792,8520,8038,7970
4,2,8545,8168,8318,8775,8201,8474,7833,6986,7918,8221,8777,8518,8033,7964
4,2,8546,8180,8304,8775,8201,8479,7829,6988,7933,8225,8773,8522,8038,7971
4,2,8550,8179,8316,8777,8207,8475,7839,6988,7933,8224,8785,8525,8042,7980
4,3,8552,8170,8336,8778,8210,8472,7848,6991,7927,8218,8794,8525,8045,7977
4,2,8546,8168,8334,8778,8211,8472,7846,6993,7923,8214,8787,8521,8048,7974
4,2,8545,8174,8324,8779,8213,8477,7843,6990,7928,8218,8787,8520,8044,7975
4,2,8550,8174,8331,8779,8211,8476,7846,6990,7925,8216,8795,8521,8042,7973
4,2,8549,8175,8341,8776,8208,8473,7846,6995,7923,8217,8799,8521,8044,7974
4,2,8543,8172,8343,8773,8211,8465,7851,6992,7916,8214,8794,8521,8047,7979
4,2,8548,8170,8335,8774,8214,8471,7851,6989,7916,8210,8790,8516,8049,7976
4,3,8554,8175,8331,8777,8209,8476,7846,6991,7916,8216,8789,8517,8046,7973
4,2,8548,8178,8333,8778,8204,8477,7846,6993,7919,8223,8791,8529,8043,7979
4,2,8547,8172,8332,8772,8210,8476,7844,6991,7922,8214,8792,8529,8045,7978
4,2,8546,8169,8327,8775,8216,8479,7835,6989,7927,8207,8792,8510,8039,7969
4,2,8545,8177,8318,8781,8204,8480,7831,6990,7931,8214,8787,8511,8030,7970
4,2,8548,8181,8311,8779,8194,8481,7835,6995,7929,8219,8785,8530,8032,7976
4,3,8552,8177,8318,8778,8202,8478,7839,6993,7923,8218,8788,8530,8038,7978
4,2,8544,8171,8332,8778,8212,8471,7840,6982,7919,8213,8794,8515,8038,7973
4,2,8540,8171,8327,8775,8214,8472,7838,6981,7922,8212,8796,8513,8035,7966
4,2,8546,8173,8316,8775,8214,8471,7835,6990,7923,8211,8785,8516,8030,7965
4,2,8547,8176,8311,8779,8210,8477,7829,6991,7926,8215,8775,8507,8024,7961
4,3,8537,8169,8308,8778,8201,8488,7820,6986,7921,8213,8778,8503,8019,7955
4,2,8537,8172,8300,8776,8205,8491,7812,6988,7925,8217,8782,8518,8014,7958
4,3,8543,8180,8299,8778,8217,8489,7819,6990,7936,8228,8779,8525,8017,7966
4,2,8552,8179,8311,8778,8220,8493,7838,6986,7945,8236,8790,8517,8026,7971
4,2,8550,8174,8331,8776,8213,8483,7848,6984,7931,8226,8801,8517,8038,7978
4,2,8544,8176,8341,8776,8214,8470,7845,6988,7916,8213,8798,8516,8048,7981
4,3,8547,8172,8343,8774,8216,8468,7850,6989,7911,8210,8795,8508,8049,7979
4,2,8548,8164,8340,8775,8214,8472,7856,6987,7918,8215,8798,8512,8047,7979
4,2,8543,8167,8340,8782,8212,8469,7852,6990,7922,8212,8795,8517,8047,7977
4,2,8545,8171,8343,8781,8214,8471,7852,6994,7921,8205,8793,8514,8047,7973
4,2,8552,8166,8338,8774,8216,8477,7854,6989,7917,8206,8796,8516,8046,7977
4,3,8549,8168,8331,8774,8216,8475,7853,6987,7913,8209,8795,8516,8042,7974
4,2,8547,8177,8332,8776,8213,8472,7856,6994,7920,8211,8794,8512,8041,7966
4,2,8548,8175,8336,8776,8216,8471,7860,6990,7923,8211,8799,8515,8046,7966
4,2,8550,8168,8332,8776,8217,8475,7848,6984,7923,8214,8795,8517,8048,7973
4,2,8549,8168,8330,8775,8215,8477,7841,6986,7921,8213,8788,8516,8045,7975
4,2,8549,8174,8332,8778,8215,8481,7847,6992,7923,8215,8792,8521,8043,7971
4,2,8549,8173,8332,8779,8215,8477,7849,6994,7918,8212,8791,8524,8043,7976
4,2,8549,8173,8329,8779,8212,8474,7846,6996,7924,8211,8789,8517,8041,7981
4,2,8549,8171,8331,8782,8215,8477,7848,6993,7926,8211,8789,8517,8039,7975
4,2,8553,8170,8333,8785,8222,8488,7849,6994,7925,8212,8793,8518,8041,7971
4,2,8546,8172,8334,8778,8219,8484,7849,6997,7923,8214,8795,8512,8044,7977
4,2,8538,8174,8338,8779,8221,8480,7847,6995,7927,8217,8796,8511,8045,7978
4,2,8543,8172,8339,8785,8229,8484,7849,6991,7925,8216,8792,8515,8043,7974
4,2,8546,8170,8333,8781,8225,8487,7852,6991,7920,8216,8793,8513,8041,7971
4,3,8544,8171,8332,8777,8216,8481,7849,6995,7919,8216,8793,8514,8039,7969
4,2,8546,8172,8337,8781,8216,8478,7849,6993,7922,8212,8793,8518,8041,7969
4,2,8552,8174,8335,8779,8216,8481,7855,6992,7922,8211,8797,8518,8045,7972
4,3,8548,8173,8333,8779,8220,8483,7852,6994,7917,8216,8799,8519,8046,7972
4,2,8544,8169,8338,8782,8228,8484,7846,6993,7922,8221,8796,8525,8044,7973
4,2,8543,8170,8344,8780,8225,8483,7849,6993,7927,8212,8794,8517,8044,7977
4,2,8546,8178,8340,8783,8229,8498,7854,7001,7939,8207,8798,8512,8045,7980
4,2,8548,8177,8332,8786,8243,8510,7855,7002,7949,8216,8800,8517,8045,7973
4,2,8546,8175,8332,8783,8240,8513,7848,6998,7948,8226,8799,8518,8040,7969
4,3,8539,8173,8339,8782,8225,8501,7849,6999,7930,8215,8795,8514,8040,7975
4,2,8538,8175,8336,8782,8220,8486,7855,6999,7922,8207,8795,8511,8044,7977
4,2,8546,8173,8332,8780,8219,8481,7850,6995,7917,8211,8795,8509,8042,7973
4,2,8551,8171,8335,8779,8219,8491,7844,6996,7923,8213,8792,8514,8034,7970
4,2,8544,8171,8339,8779,8220,8492,7850,6997,7930,8208,8790,8525,8037,7970
4,2,8537,8174,8337,8778,8220,8489,7852,6995,7929,8208,8793,8520,8045,7973
4,2,8540,8173,8333,8781,8218,8488,7850,6993,7923,8214,8792,8514,8048,7972
4,2,8547,8171,8335,8778,8216,8485,7851,6991,7924,8214,8794,8516,8043,7968
4,2,8545,8173,8337,8775,8214,8483,7850,6993,7923,8211,8795,8513,8038,7970
4,2,8540,8175,8332,8781,8215,8484,7851,6996,7922,8211,8791,8510,8041,7974
4,2,8544,8175,8331,8784,8215,8484,7850,6993,7926,8215,8788,8515,8045,7971
4,2,8545,8171,8334,8777,8212,8479,7844,6988,7922,8216,8789,8517,8041,7972
4,2,8540,8170,8327,8774,8212,8476,7844,6992,7921,8214,8790,8512,8035,7975
4,2,8538,8171,8326,8773,8212,8479,7851,6994,7921,8210,8789,8513,8040,7977
4,2,8547,8178,8329,8774,8213,8484,7845,6991,7921,8214,8793,8522,8046,7979
4,2,8547,8176,8330,8773,8214,8476,7840,6987,7917,8211,8790,8521,8046,7977
4,2,8543,8169,8331,8774,8212,8475,7845,6993,7921,8210,8787,8514,8045,7971
4,2,8544,8167,8332,8772,8212,8476,7842,6995,7922,8215,8792,8518,8045,7973
4,3,8549,8175,8333,8773,8214,8471,7840,6991,7925,8219,8794,8524,8045,7981
4,2,8546,8174,8336,8775,8211,8466,7849,6990,7920,8212,8789,8522,8044,7977
4,2,8549,8171,8333,8773,8206,8470,7848,6991,7920,8213,8789,8521,8045,7968
4,2,8551,8171,8329,8774,8205,8470,7844,6986,7920,8218,8790,8520,8046,7971
4,2,8544,8172,8331,8776,8211,8469,7850,6982,7920,8216,8789,8520,8041,7974
4,3,8543,8171,8337,8775,8215,8469,7852,6989,7919,8214,8785,8521,8041,7973
4,2,8547,8171,8337,8775,8214,8470,7849,6994,7917,8215,8788,8519,8044,7975
4,2,8544,8171,8335,8777,8209,8471,7849,6992,7918,8218,8791,8520,8041,7976
4,2,8544,8170,8334,8776,8210,8472,7848,6991,7922,8216,8790,8520,8040,7971
4,3,8546,8173,8333,8773,8213,8474,7849,6992,7925,8216,8792,8516,8046,7974
4,2,8541,8172,8332,8774,8213,8470,7851,6987,7918,8214,8795,8513,8048,7975
4,3,8542,8171,8333,8777,8210,8468,7846,6987,7920,8217,8794,8515,8048,7971
4,2,8544,8171,8335,8775,8205,8471,7844,6992,7922,8216,8790,8515,8048,7975
4,2,8546,8175,8331,8771,8207,8475,7849,6990,7918,8215,8794,8516,8042,7978
4,2,8549,8174,8330,8772,8212,8469,7850,6988,7913,8214,8797,8517,8038,7973
4,2,8552,8173,8329,8776,8209,8470,7845,6993,7924,8218,8793,8516,8039,7974
4,3,8548,8176,8327,8775,8205,8473,7845,6990,7925,8218,8785,8515,8042,7975
4,2,8548,8178,8326,8775,8205,8475,7845,6985,7920,8217,8787,8514,8043,7970
4,2,8548,8173,8329,8777,8202,8467,7845,6989,7916,8219,8794,8514,8044,7972
4,2,8548,8176,8328,8775,8204,8465,7848,6992,7918,8221,8794,8517,8045,7976
4,2,8553,8175,8328,8773,8210,8468,7849,6986,7917,8219,8790,8521,8044,7973
4,2,8551,8171,8329,8774,8206,8468,7846,6984,7918,8222,8794,8524,8046,7974
4,2,8544,8175,8328,8774,8200,8465,7846,6984,7917,8225,8793,8526,8048,7978
4,2,8541,8181,8328,8774,8202,8468,7848,6985,7917,8218,8787,8520,8049,7974
4,2,8543,8178,8330,8774,8203,8471,7847,6988,7919,8213,8785,8513,8051,7975
4,2,8546,8170,8331,8774,8201,8465,7850,6986,7916,8214,8789,8516,8050,7978
4,2,8546,8173,8327,8775,8201,8467,7849,6982,7920,8217,8792,8521,8040,7979
4,2,8544,8174,8330,8776,8204,8468,7847,6987,7923,8215,8790,8518,8038,7981
4,3,8545,8176,8333,8775,8206,8466,7846,6991,7923,8216,8789,8518,8046,7979
4,2,8544,8176,8334,8774,8204,8467,7844,6982,7917,8216,8788,8519,8047,7975
4,3,8545,8178,8333,8773,8203,8474,7841,6982,7917,8218,8789,8518,8042,7975
4,2,8548,8173,8331,8772,8206,8470,7848,6987,7919,8215,8788,8520,8043,7978
4,2,8548,8173,8330,8776,8205,8472,7853,6986,7924,8215,8792,8522,8042,7975
4,2,8541,8178,8326,8778,8201,8475,7850,6984,7915,8213,8792,8515,8042,7975
4,2,8541,8176,8325,8774,8207,8474,7846,6990,7913,8212,8789,8512,8047,7979
4,2,8544,8175,8331,8771,8213,8468,7845,6991,7922,8216,8790,8520,8048,7978
4,2,8545,8181,8332,8773,8210,8469,7844,6989,7926,8222,8793,8520,8044,7972
4,2,8546,8180,8327,8777,8204,8468,7845,6989,7919,8215,8790,8514,8045,7972
4,2,8545,8177,8330,8778,8207,8468,7849,6986,7918,8209,8790,8516,8043,7978
4,2,8544,8181,8332,8776,8208,8472,7848,6987,7923,8216,8793,8524,8038,7979
4,2,8543,8180,8329,8776,8207,8474,7845,6990,7921,8213,8793,8523,8040,7978
4,3,8540,8175,8330,8776,8208,8470,7847,6991,7918,8208,8791,8516,8044,7977
4,2,8534,8177,8333,8776,8207,8471,7847,6989,7916,8214,8790,8516,8042,7973
4,2,8541,8182,8328,8775,8207,8475,7845,6989,7924,8226,8793,8523,8039,7975
4,2,8545,8178,8329,8776,8206,8469,7848,6989,7924,8220,8793,8527,8042,7978
4,2,8540,8176,8333,8774,8212,8471,7847,6991,7921,8212,8790,8523,8046,7974
4,2,8535,8175,8334,8771,8214,8475,7846,6991,7919,8214,8789,8520,8046,7973
4,2,8539,8177,8330,8771,8208,8474,7850,6986,7923,8221,8795,8520,8045,7979
4,2,8544,8176,8331,8774,8204,8468,7851,6984,7917,8215,8792,8519,8045,7979
4,2,8547,8180,8333,8774,8209,8471,7845,6990,7914,8212,8787,8519,8040,7978
4,3,8538,8181,8331,8770,8207,8471,7844,6987,7916,8216,8790,8522,8040,7976
4,2,8533,8177,8330,8771,8202,8470,7847,6982,7923,8219,8794,8523,8042,7973
4,3,8541,8173,8335,8774,8203,8467,7850,6989,7922,8217,8790,8521,8040,7973
4,2,8547,8179,8336,8773,8204,8469,7849,6995,7916,8215,8788,8520,8047,7974
4,2,8541,8182,8329,8774,8199,8471,7845,6990,7914,8219,8792,8521,8054,7975
4,3,8538,8176,8328,8775,8203,8472,7845,6986,7917,8221,8793,8519,8044,7977
4,2,8547,8176,8329,8773,8211,8471,7847,6992,7922,8218,8791,8516,8036,7977
4,2,8547,8179,8331,8777,8209,8465,7846,6990,7921,8211,8791,8518,8041,7974
4,2,8540,8183,8327,8784,8204,8465,7848,6988,7918,8212,8791,8523,8045,7974
4,3,8539,8178,8326,8778,8206,8469,7852,6989,7912,8211,8790,8522,8046,7977
4,2,8547,8176,8326,8772,8209,8469,7849,6990,7919,8216,8791,8522,8046,7978
4,2,8546,8179,8326,8773,8209,8465,7849,6990,7920,8219,8788,8526,8045,7977
4,2,8543,8185,8324,8775,8202,8472,7848,6991,7916,8221,8788,8526,8045,7978
4,2,8540,8180,8332,8774,8198,8466,7842,6985,7915,8217,8790,8524,8048,7980
4,2,8539,8177,8337,8776,8202,8460,7840,6979,7921,8220,8792,8519,8047,7978
4,2,8536,8177,8330,8777,8204,8465,7845,6981,7919,8221,8789,8519,8045,7973
4,3,8538,8179,8327,8774,8201,8470,7845,6984,7918,8213,8789,8525,8042,7974
4,2,8540,8179,8333,8773,8200,8461,7844,6987,7916,8212,8789,8525,8042,7979
4,2,8538,8180,8329,8774,8201,8461,7848,6995,7917,8216,8787,8521,8044,7981
4,2,8539,8177,8326,8775,8199,8462,7845,6991,7916,8213,8786,8524,8043,7976
4,2,8543,8178,8331,8776,8202,8460,7841,6982,7917,8218,8792,8527,8043,7975
4,2,8548,8181,8331,8776,8199,8462,7849,6984,7920,8227,8793,8525,8048,7981
4,2,8544,8181,8328,8772,8191,8460,7850,6986,7918,8218,8785,8519,8047,7981
4,2,8541,8183,8326,8769,8191,8459,7841,6980,7920,8216,8785,8520,8042,7976
4,2,8544,8186,8321,8771,8194,8462,7843,6978,7920,8224,8790,8526,8043,7978
4,2,8552,8185,8319,8774,8193,8465,7843,6986,7918,8223,8787,8528,8041,7978
4,2,8545,8179,8326,8772,8195,8457,7839,6988,7910,8215,8783,8523,8041,7974
4,2,8540,8175,8332,8772,8196,8454,7843,6988,7913,8219,8789,8521,8048,7979
4,3,8544,8175,8333,8774,8191,8453,7847,6986,7914,8215,8789,8522,8048,7981
4,2,8547,8182,8326,8773,8191,8457,7839,6986,7919,8216,8787,8524,8039,7975
4,2,8546,8184,8323,8772,8192,8457,7840,6982,7922,8222,8790,8526,8041,7975
4,2,8546,8181,8328,8773,8192,8455,7846,6976,7919,8223,8795,8525,8046,7987
4,2,8543,8180,8331,8768,8189,8451,7845,6976,7913,8220,8790,8525,8044,7987
4,2,8545,8185,8323,8765,8190,8455,7841,6976,7917,8222,8786,8527,8044,7971
4,2,8552,8182,8319,8770,8190,8459,7839,6974,7915,8220,8784,8527,8046,7971
4,3,8547,8178,8322,8772,8187,8459,7838,6981,7910,8219,8784,8525,8044,7981
4,2,8541,8181,8324,8772,8183,8456,7840,6985,7908,8222,8785,8525,8045,7979
4,3,8544,8181,8320,8775,8184,8456,7839,6978,7913,8220,8785,8524,8048,7976
4,2,8551,8177,8318,8774,8186,8459,7835,6978,7919,8217,8784,8528,8047,7983
4,2,8552,8177,8326,8771,8185,8455,7840,6985,7915,8216,8786,8531,8048,7981
4,2,8546,8183,8335,8775,8188,8454,7849,6982,7910,8219,8789,8525,8051,7981
4,2,8539,8179,8333,8777,8190,8453,7848,6980,7910,8218,8788,8521,8051,7985
4,2,8540,8177,8323,8772,8185,8456,7837,6987,7922,8218,8783,8529,8045,7981
4,2,8540,8182,8323,8770,8182,8458,7835,6985,7917,8216,8780,8529,8043,7975
4,3,8541,8182,8326,8774,8185,8458,7839,6984,7909,8218,8785,8524,8044,7976
4,2,8542,8173,8328,8775,8186,8452,7840,6990,7910,8216,8787,8524,8048,7978
4,2,8546,8177,8325,8774,8187,8457,7837,6993,7922,8216,8787,8525,8050,7978
4,2,8545,8185,8323,8772,8186,8458,7838,6986,7918,8218,8784,8526,8048,7979
4,3,8545,8185,8320,8770,8176,8445,7837,6982,7906,8222,8778,8531,8045,7977
4,2,8546,8179,8317,8766,8150,8418,7833,6978,7894,8224,8769,8536,8051,7977
4,2,8546,8195,8334,8775,8208,8475,7847,6994,7929,8225,8800,8527,8056,7981
4,2,8534,8189,8342,8780,8229,8496,7853,7000,7928,8213,8802,8516,8049,7974
4,3,8548,8171,8309,8757,8101,8385,7819,6962,7868,8226,8748,8538,8048,7970
4,3,8561,8217,8390,8819,8406,8657,7895,7045,8033,8238,8874,8484,8043,7998
4,2,8474,8232,8552,8942,8971,9148,8051,7192,8257,8151,9068,8352,7993,7990
4,2,8399,8154,8495,8906,8777,8979,7999,7135,8105,8077,8962,8356,7951,7925
4,2,8462,8128,8308,8770,8165,8458,7817,6981,7859,8142,8753,8490,7978,7911
4,3,8530,8181,8294,8756,8105,8424,7800,6982,7902,8212,8781,8535,8017,7951
4,2,8506,8186,8347,8804,8275,8568,7857,7021,7967,8199,8834,8505,8016,7950
4,2,8505,8170,8311,8783,8217,8485,7829,6982,7916,8214,8757,8521,8014,7941
4,2,8534,8185,8311,8765,8214,8458,7829,6978,7924,8229,8757,8521,8032,7969
4,3,8526,8189,8359,8786,8240,8516,7861,7004,7940,8195,8831,8494,8042,7986
4,3,8521,8180,8362,8790,8218,8513,7854,7007,7917,8188,8829,8504,8043,7974
4,3,8522,8178,8339,8777,8250,8494,7846,6994,7921,8206,8779,8520,8036,7965
4,2,8507,8169,8324,8769,8233,8468,7846,6982,7919,8200,8772,8511,8030,7963
4,2,8518,8177,8325,8780,8188,8474,7841,6994,7923,8197,8802,8504,8036,7968
4,2,8540,8185,8333,8782,8188,8472,7840,6999,7914,8198,8798,8513,8051,7973
4,2,8535,8182,8336,8774,8221,8473,7846,6986,7901,8189,8785,8514,8052,7970
4,3,8518,8180,8334,8774,8227,8475,7845,6979,7897,8189,8787,8516,8038,7963
4,3,8515,8182,8331,8774,8211,8461,7844,6987,7902,8203,8788,8518,8032,7963
4,2,8515,8180,8333,8774,8206,8456,7849,6993,7914,8211,8788,8501,8042,7967
4,2,8519,8178,8346,8774,8213,8466,7848,6992,7921,8207,8789,8493,8053,7977
4,2,8531,8182,8354,8777,8203,8480,7842,6992,7916,8204,8793,8515,8052,7984
4,2,8528,8183,8341,8778,8189,8480,7847,6994,7908,8202,8798,8533,8046,7975
4,2,8514,8180,8325,8776,8217,8474,7855,6988,7911,8195,8795,8517,8030,7962
4,2,8501,8171,8332,8770,8245,8463,7860,6973,7902,8174,8784,8489,8018,7952
4,2,8507,8170,8332,8771,8216,8464,7852,6976,7895,8176,8785,8487,8030,7952
4,3,8523,8181,8328,8777,8182,8466,7840,6995,7896,8208,8791,8508,8053,7964
4,3,8530,8189,8342,8775,8196,8469,7842,6999,7907,8223,8796,8521,8055,7975
4,2,8519,8182,8353,8771,8224,8470,7853,6989,7912,8208,8788,8517,8043,7977
4,2,8513,8177,8339,8774,8225,8471,7852,6989,7924,8203,8785,8509,8042,7968
4,2,8516,8180,8330,8776,8205,8469,7848,6990,7922,8197,8793,8502,8047,7956
4,3,8517,8184,8331,8774,8200,8465,7851,6980,7907,8183,8796,8501,8047,7958
4,3,8516,8181,8330,8770,8217,8462,7854,6976,7899,8184,8787,8511,8044,7967
4,2,8518,8180,8329,8771,8228,8470,7854,6985,7907,8201,8784,8517,8038,7963
4,2,8517,8184,8330,8773,8210,8472,7849,6991,7920,8208,8793,8512,8038,7966
4,2,8518,8190,8332,8776,8192,8473,7844,6992,7929,8212,8799,8508,8050,7978
4,3,8525,8192,8338,8776,8199,8481,7847,6995,7926,8220,8798,8521,8060,7981
4,2,8524,8188,8340,8774,8220,8481,7852,6993,7912,8212,8790,8524,8049,7973
4,3,8520,8186,8329,8773,8229,8476,7852,6988,7910,8197,8787,8513,8031,7965
4,2,8522,8183,8320,8775,8223,8474,7852,6986,7920,8193,8790,8507,8024,7967
4,2,8530,8186,8323,8777,8211,8475,7847,6990,7932,8207,8796,8513,8030,7973
4,2,8534,8193,8331,8776,8204,8477,7842,6997,7930,8216,8795,8525,8043,7978
4,2,8532,8200,8334,8777,8211,8488,7842,6997,7932,8222,8792,8532,8047,7988
4,2,8520,8196,8335,8775,8216,8481,7848,6985,7934,8220,8793,8525,8043,7989
4,2,8514,8197,8332,8774,8215,8467,7850,6987,7938,8215,8797,8512,8046,7979
4,2,8515,8198,8332,8774,8213,8462,7850,6996,7919,8205,8790,8508,8047,7970
4,3,8515,8193,8334,8774,8216,8468,7849,6992,7897,8202,8782,8512,8037,7968
4,3,8517,8193,8339,8774,8219,8473,7850,6988,7902,8205,8788,8524,8035,7968
4,2,8524,8197,8337,8777,8220,8477,7852,6992,7924,8202,8800,8527,8044,7974
4,2,8524,8195,8331,8776,8212,8473,7849,6995,7929,8202,8802,8513,8051,7978
4,2,8517,8196,8332,8776,8202,8475,7845,6992,7929,8212,8797,8512,8052,7980
4,2,8519,8203,8335,8781,8204,8482,7844,6991,7929,8221,8791,8527,8050,7980
4,3,8521,8202,8330,8781,8216,8480,7846,6992,7921,8221,8789,8524,8045,7977
4,2,8521,8197,8330,8775,8220,8478,7850,6995,7920,8216,8793,8512,8042,7976
4,3,8520,8194,8336,8775,8219,8474,7854,6990,7924,8207,8792,8510,8041,7975
4,2,8528,8198,8333,8780,8219,8477,7854,6990,7922,8212,8791,8518,8041,7970
4,3,8537,8205,8334,8779,8217,8487,7852,6999,7922,8223,8794,8530,8049,7976
4,2,8536,8207,8339,8774,8216,8491,7849,6999,7939,8223,8800,8535,8049,7996
4,2,8522,8196,8337,8775,8216,8477,7847,6990,7939,8212,8798,8523,8047,7997
4,2,8516,8200,8333,8775,8213,8475,7845,6992,7935,8216,8796,8516,8052,7980
4,3,8517,8209,8339,8774,8212,8478,7847,6999,7929,8220,8797,8521,8057,7977
4,2,8519,8204,8337,8779,8216,8474,7849,6998,7920,8215,8798,8519,8050,7979
4,2,8519,8195,8333,8779,8216,8470,7850,6992,7911,8207,8794,8517,8046,7975
4,3,8519,8197,8341,8777,8218,8475,7857,6989,7918,8208,8791,8516,8050,7973
4,2,8519,8197,8350,8779,8218,8473,7857,6990,7929,8211,8797,8515,8049,7977
4,3,8518,8196,8347,8777,8210,8476,7849,6996,7925,8209,8801,8516,8049,7979
4,2,8518,8203,8335,8774,8208,8482,7848,6997,7920,8213,8798,8523,8051,7979
4,2,8519,8205,8328,8775,8216,8481,7851,6987,7925,8220,8788,8531,8048,7973
4,2,8521,8201,8327,8776,8218,8476,7844,6986,7929,8220,8783,8523,8040,7972
4,3,8516,8201,8330,8774,8209,8476,7845,6990,7922,8210,8789,8510,8037,7976
4,3,8516,8204,8334,8776,8206,8478,7853,6991,7919,8209,8793,8514,8046,7975
4,2,8519,8200,8339,8775,8214,8477,7850,6990,7917,8215,8789,8524,8051,7974
4,2,8516,8194,8339,8775,8213,8476,7846,6993,7920,8216,8792,8520,8046,7977
4,2,8515,8196,8335,8778,8199,8475,7850,6994,7922,8205,8799,8517,8041,7975
4,2,8520,8209,8332,8779,8202,8480,7846,6991,7928,8210,8795,8521,8043,7972
4,2,8515,8209,8335,8775,8216,8479,7840,6987,7921,8216,8787,8520,8047,7973
4,3,8514,8200,8335,8773,8218,8477,7842,6989,7918,8215,8789,8520,8043,7977
4,2,8518,8204,8332,8777,8211,8475,7849,6990,7919,8209,8791,8521,8043,7978
4,2,8516,8210,8330,8778,8213,8476,7851,6991,7919,8209,8796,8523,8046,7975
4,2,8511,8199,8334,8771,8216,8476,7849,6995,7916,8212,8794,8522,8044,7975
4,2,8518,8199,8336,8773,8216,8482,7845,6995,7922,8215,8788,8517,8039,7979
4,3,8515,8205,8333,8781,8209,8479,7846,6989,7926,8210,8791,8514,8042,7976
4,2,8504,8200,8332,8778,8208,8470,7850,6990,7923,8208,8802,8515,8044,7973
4,2,8510,8202,8338,8769,8213,8468,7851,6993,7920,8211,8795,8515,8045,7974
4,2,8519,8208,8337,8771,8215,8474,7848,6993,7924,8213,8784,8515,8048,7980
4,2,8519,8205,8333,8777,8209,8476,7849,6994,7925,8217,8794,8521,8048,7986
4,2,8515,8200,8342,8777,8209,8471,7852,6994,7915,8212,8803,8521,8047,7979
4,2,8511,8201,8338,8777,8218,8472,7847,6992,7918,8207,8794,8514,8047,7969
4,2,8505,8198,8325,8778,8219,8474,7846,6989,7929,8205,8786,8513,8048,7969
4,2,8511,8203,8332,8781,8206,8476,7848,6991,7924,8207,8794,8516,8045,7976
4,2,8517,8209,8342,8778,8201,8475,7846,6993,7912,8209,8795,8516,8042,7979
4,2,8516,8207,8329,8775,8218,8478,7844,6993,7924,8215,8787,8519,8036,7977
4,2,8508,8201,8326,8775,8223,8476,7848,6991,7928,8211,8788,8522,8039,7975
4,3,8508,8202,8336,8775,8209,8473,7846,6992,7920,8209,8800,8517,8046,7976
4,2,8515,8202,8336,8774,8206,8470,7848,6992,7911,8212,8798,8512,8046,7979
4,3,8515,8206,8330,8773,8219,8477,7850,6989,7921,8215,8790,8512,8040,7977
4,2,8515,8209,8333,8773,8214,8478,7846,6990,7930,8215,8794,8517,8041,7980
4,2,8515,8205,8338,8774,8200,8473,7847,6995,7922,8210,8802,8518,8045,7982
4,3,8508,8200,8335,8777,8204,8468,7848,6992,7908,8208,8797,8512,8044,7976
4,2,8504,8202,8332,8776,8217,8472,7843,6989,7911,8208,8789,8510,8042,7972
4,2,8507,8204,8339,8775,8219,8473,7850,6990,7918,8207,8790,8513,8042,7974
4,3,8506,8202,8346,8772,8211,8464,7857,6987,7911,8203,8793,8511,8044,7972
4,2,8506,8205,8339,8771,8209,8465,7851,6988,7904,8201,8792,8508,8046,7970
4,2,8504,8205,8335,8774,8216,8475,7848,6992,7906,8203,8789,8510,8043,7973
4,2,8499,8203,8335,8773,8217,8475,7846,6994,7918,8211,8789,8514,8038,7972
4,2,8501,8200,8330,8773,8207,8467,7845,6992,7921,8206,8791,8514,8041,7969
4,3,8509,8205,8326,8782,8206,8475,7847,6994,7921,8200,8790,8516,8049,7974
4,2,8509,8207,8332,8781,8215,8480,7850,6994,7918,8205,8786,8516,8046,7977
4,3,8510,8207,8332,8771,8220,8477,7845,6993,7920,8213,8789,8514,8037,7970
4,3,8512,8207,8327,8773,8217,8474,7849,6991,7916,8209,8792,8515,8041,7971
4,2,8512,8209,8328,8778,8214,8480,7854,6991,7917,8209,8796,8519,8043,7982
4,3,8507,8206,8333,8772,8212,8479,7849,6993,7919,8211,8795,8515,8040,7980
4,2,8508,8206,8334,8775,8213,8480,7841,6993,7923,8215,8791,8513,8040,7972
4,2,8514,8208,8332,8783,8214,8480,7842,6993,7922,8215,8789,8523,8043,7979
4,2,8512,8208,8333,8778,8211,8476,7846,6995,7922,8211,8796,8522,8045,7986
4,3,8511,8207,8334,8773,8210,8470,7848,6996,7924,8211,8793,8515,8048,7982
4,2,8511,8208,8334,8777,8216,8476,7850,6994,7922,8213,8782,8521,8042,7977
4,3,8504,8208,8335,8777,8219,8480,7848,6989,7918,8210,8786,8522,8036,7975
4,2,8499,8204,8338,8775,8214,8470,7850,6989,7915,8207,8796,8513,8045,7975
4,2,8514,8210,8344,8779,8215,8471,7857,6993,7921,8212,8800,8522,8062,7986
4,2,8520,8213,8357,8781,8225,8478,7865,6990,7918,8211,8800,8529,8071,7998
4,2,8513,8206,8366,8777,8227,8472,7870,6990,7914,8207,8812,8519,8067,7998
4,2,8513,8205,8360,8776,8222,8466,7873,6994,7916,8207,8817,8521,8066,7988
4,2,8518,8213,8341,8780,8220,8479,7865,6996,7926,8215,8806,8531,8065,7982
4,2,8515,8212,8337,8779,8218,8483,7856,6995,7925,8215,8791,8524,8058,7984
4,2,8511,8212,8346,8776,8217,8477,7854,6993,7922,8210,8793,8515,8051,7985
4,2,8507,8212,8347,8774,8219,8471,7852,6990,7920,8207,8797,8516,8048,7981
4,2,8507,8208,8336,8773,8216,8474,7848,6991,7922,8211,8796,8520,8039,7972
4,3,8510,8209,8329,8774,8210,8476,7848,6993,7917,8212,8794,8522,8037,7969
4,2,8511,8214,8326,8776,8215,8479,7850,6991,7920,8215,8792,8521,8040,7974
4,2,8509,8213,8325,8774,8218,8478,7851,6992,7927,8217,8790,8515,8039,7979
4,2,8509,8209,8325,8772,8209,8478,7848,6993,7929,8212,8794,8516,8040,7977
4,2,8513,8210,8324,8776,8207,8477,7846,6992,7925,8211,8791,8522,8045,7978
4,2,8511,8207,8326,8777,8214,8474,7844,6993,7920,8210,8787,8522,8042,7981
4,2,8510,8206,8327,8776,8214,8478,7844,6991,7920,8210,8787,8519,8037,7977
4,3,8508,8210,8327,8777,8209,8480,7844,6987,7920,8209,8788,8519,8037,7972
4,2,8509,8212,8330,8777,8209,8473,7844,6989,7922,8212,8791,8518,8039,7974
4,2,8505,8207,8338,8776,8212,8465,7847,6990,7917,8213,8792,8515,8042,7979
4,2,8506,8206,8336,8779,8218,8475,7851,6989,7923,8212,8792,8519,8042,7981
4,2,8508,8209,8330,8777,8216,8477,7853,6988,7927,8209,8796,8524,8043,7982
4,2,8508,8211,8328,8776,8209,8475,7845,6990,7929,8212,8802,8521,8045,7980
4,2,8503,8205,8334,8778,8209,8477,7844,6990,7922,8209,8793,8515,8048,7974
4,2,8504,8205,8337,8778,8216,8478,7851,6992,7921,8199,8788,8517,8047,7973
4,3,8512,8210,8333,8775,8219,8470,7852,6993,7920,8202,8794,8521,8045,7974
4,2,8516,8213,8328,8775,8214,8473,7847,6993,7919,8209,8798,8520,8039,7974
4,2,8508,8210,8323,8777,8205,8474,7843,6987,7920,8206,8791,8520,8036,7972
4,2,8505,8210,8309,8776,8200,8473,7833,6984,7924,8208,8780,8524,8035,7968
4,2,8510,8212,8299,8772,8197,8481,7821,6993,7930,8224,8777,8519,8028,7966
4,2,8508,8210,8303,8777,8194,8484,7821,6993,7936,8228,8787,8515,8022,7970
4,2,8509,8211,8306,8785,8199,8480,7828,6990,7934,8218,8790,8525,8027,7975
4,2,8511,8217,8310,8784,8210,8481,7834,6994,7926,8213,8782,8525,8035,7973
4,2,8508,8216,8312,8776,8207,8483,7826,6995,7926,8217,8778,8516,8029,7968
4,3,8506,8210,8309,8778,8203,8481,7821,6989,7927,8218,8781,8522,8022,7973
4,2,8515,8212,8319,8785,8209,8483,7835,6987,7926,8217,8790,8525,8034,7981
4,3,8516,8210,8336,8778,8211,8479,7842,6991,7920,8209,8797,8510,8048,7982
4,2,8509,8206,8333,8773,8205,8478,7832,6990,7924,8210,8797,8514,8045,7980
4,2,8505,8208,8334,8777,8204,8476,7837,6988,7926,8216,8794,8528,8043,7982
4,2,8508,8211,8350,8777,8211,8471,7850,6986,7919,8215,8799,8511,8047,7981
4,2,8505,8198,8349,8772,8215,8462,7851,6986,7900,8198,8800,8497,8046,7976
4,2,8499,8195,8336,8773,8215,8462,7848,6992,7900,8197,8792,8512,8044,7970
4,2,8500,8200,8333,8777,8214,8462,7849,6990,7904,8204,8786,8518,8044,7969
4,2,8503,8201,8330,8773,8213,8463,7849,6983,7901,8196,8791,8507,8038,7970
4,2,8505,8198,8327,8773,8208,8468,7849,6983,7907,8193,8791,8506,8037,7972
4,3,8508,8202,8331,8775,8209,8478,7849,6995,7920,8205,8790,8513,8047,7980
4,2,8508,8208,8334,8778,8211,8478,7847,6998,7918,8208,8794,8516,8051,7981
4,2,8503,8206,8332,8778,8207,8471,7845,6992,7914,8204,8796,8508,8041,7970
4,2,8506,8205,8326,8774,8206,8474,7844,6990,7918,8216,8792,8506,8035,7970
4,2,8507,8205,8326,8771,8216,8476,7846,6992,7913,8215,8790,8513,8043,7975
4,2,8503,8203,8333,8773,8225,8470,7847,6990,7911,8202,8791,8513,8046,7973
4,2,8503,8200,8335,8779,8217,8468,7847,6980,7914,8200,8791,8511,8040,7972
4,2,8513,8204,8327,8782,8208,8476,7848,6983,7924,8210,8795,8518,8038,7977
4,2,8512,8204,8328,8779,8211,8477,7848,6992,7919,8211,8796,8516,8045,7976
4,2,8511,8201,8333,8776,8212,8478,7848,6994,7916,8211,8795,8511,8047,7981
4,2,8515,8201,8335,8773,8207,8478,7849,6991,7918,8213,8794,8516,8044,7983
4,3,8517,8208,8329,8775,8210,8480,7848,6991,7926,8217,8796,8520,8041,7976
4,2,8514,8206,8328,8776,8217,8474,7849,6998,7918,8211,8794,8520,8041,7974
4,2,8514,8199,8334,8776,8215,8469,7849,6996,7910,8202,8796,8518,8049,7976
4,2,8515,8199,8333,8776,8212,8468,7847,6987,7914,8201,8798,8511,8053,7974
4,2,8512,8205,8330,8775,8216,8471,7846,6988,7919,8206,8797,8515,8045,7976
4,2,8511,8201,8333,8775,8217,8474,7850,6993,7915,8207,8796,8519,8042,7983
4,2,8508,8195,8333,8774,8214,8473,7851,6985,7919,8206,8797,8511,8048,7979
4,2,8510,8201,8332,8772,8210,8470,7848,6983,7926,8212,8797,8514,8045,7971
4,2,8515,8206,8339,8771,8213,8470,7848,6993,7918,8217,8794,8522,8045,7974
4,2,8514,8202,8342,8774,8217,8473,7848,6994,7917,8212,8791,8517,8050,7979
4,2,8511,8199,8337,8777,8218,8465,7851,6989,7922,8204,8792,8512,8046,7978
4,3,8519,8203,8332,8776,8209,8468,7850,6987,7921,8208,8793,8516,8039,7973
4,2,8525,8206,8330,8777,8208,8482,7849,6986,7923,8212,8791,8520,8045,7973
4,2,8521,8204,8332,8776,8214,8482,7848,6987,7926,8214,8792,8517,8053,7976
4,2,8511,8192,8337,8772,8206,8463,7849,6983,7908,8206,8792,8509,8046,7977
4,2,8515,8190,8332,8773,8201,8467,7849,6985,7906,8207,8788,8505,8038,7974
4,2,8523,8201,8326,8778,8210,8477,7847,6991,7922,8216,8788,8519,8042,7975
4,2,8520,8207,8328,8777,8214,8479,7843,6992,7931,8221,8797,8527,8043,7983
4,2,8516,8200,8332,8772,8208,8476,7848,6988,7923,8212,8795,8519,8040,7983
4,2,8520,8199,8329,8773,8215,8481,7853,6988,7921,8207,8791,8517,8047,7979
4,3,8520,8201,8330,8774,8222,8478,7848,6992,7916,8205,8799,8515,8053,7982
4,2,8514,8198,8336,8776,8217,8474,7846,6990,7916,8203,8803,8507,8047,7983
4,2,8517,8198,8335,8779,8213,8471,7852,6991,7919,8207,8794,8515,8047,7977
4,2,8521,8201,8326,8777,8216,8471,7849,6991,7917,8211,8792,8526,8043,7976
4,2,8522,8201,8327,8775,8212,8474,7844,6988,7919,8212,8795,8519,8035,7982
4,2,8517,8194,8338,8777,8206,8474,7849,6990,7919,8209,8794,8511,8040,7982
4,3,8515,8193,8336,8777,8208,8476,7851,6996,7921,8211,8798,8515,8045,7981
4,2,8519,8199,8331,8774,8214,8477,7844,6991,7919,8209,8796,8515,8042,7981
4,2,8523,8199,8333,8780,8219,8477,7842,6987,7919,8207,8794,8515,8041,7978
4,2,8521,8193,8331,8782,8216,8472,7849,6994,7915,8202,8793,8516,8044,7973
4,3,8527,8197,8330,8774,8211,8474,7848,6996,7923,8207,8796,8519,8046,7979
4,2,8525,8194,8342,8773,8214,8476,7849,6989,7922,8208,8802,8520,8050,7986
4,2,8518,8190,8340,8782,8221,8475,7851,6993,7915,8209,8804,8517,8048,7977
4,2,8520,8196,8327,8780,8217,8474,7849,6997,7917,8209,8791,8516,8043,7968
4,2,8531,8203,8328,8775,8211,8481,7848,6992,7925,8210,8791,8516,8044,7979
4,2,8531,8192,8335,8778,8215,8484,7851,6991,7916,8209,8803,8519,8046,7987
4,2,8526,8188,8332,8779,8222,8483,7847,6993,7917,8207,8800,8524,8042,7977
4,2,8527,8194,8329,8776,8215,8482,7843,6992,7928,8206,8792,8523,8040,7971
4,2,8526,8192,8332,8773,8212,8483,7847,6989,7923,8210,8797,8513,8047,7975
4,2,8526,8192,8332,8774,8219,8480,7848,6989,7915,8216,8798,8515,8047,7977
4,2,8523,8193,8330,8778,8216,8475,7847,6991,7915,8213,8794,8522,8042,7975
4,2,8524,8191,8327,8781,8206,8476,7847,6992,7920,8210,8796,8521,8043,7978
4,2,8529,8192,8325,8779,8213,8480,7849,6991,7927,8211,8794,8518,8044,7978
4,2,8532,8196,8325,8777,8214,8481,7847,6993,7932,8217,8790,8521,8037,7975
4,2,8526,8188,8330,8776,8202,8478,7848,6995,7920,8214,8790,8520,8043,7976
4,2,8524,8185,8334,8774,8209,8482,7852,6992,7919,8206,8794,8515,8053,7975
4,3,8526,8188,8338,8774,8221,8477,7854,6993,7923,8200,8795,8511,8051,7977
4,2,8529,8185,8338,8774,8213,8472,7850,6996,7920,8205,8797,8514,8045,7984
4,2,8528,8185,8336,8776,8210,8473,7852,6992,7915,8213,8798,8518,8047,7987
4,2,8528,8191,8332,8780,8224,8478,7854,6990,7923,8214,8799,8518,8052,7986
4,3,8529,8186,8335,8779,8224,8471,7855,6993,7917,8204,8798,8513,8052,7985
4,2,8526,8186,8343,8775,8213,8470,7857,6996,7908,8204,8800,8513,8046,7978
4,2,8521,8191,8348,8774,8215,8476,7858,6995,7913,8210,8797,8519,8042,7971
4,2,8527,8187,8349,8773,8223,8482,7856,6992,7918,8209,8798,8518,8048,7981
4,2,8538,8182,8347,8775,8219,8481,7853,6990,7915,8205,8803,8522,8053,7990
4,3,8535,8192,8347,8779,8214,8479,7851,6991,7922,8206,8801,8529,8055,7990
4,2,8532,8196,8352,8777,8216,8476,7855,6996,7930,8208,8799,8527,8053,7993
4,3,8530,8190,8348,8777,8218,8475,7856,6997,7924,8215,8801,8522,8051,7986
4,2,8545,8201,8328,8783,8220,8484,7847,6996,7937,8239,8795,8531,8049,7983
4,2,8557,8212,8317,8780,8218,8492,7844,6996,7953,8246,8787,8542,8048,7998
4,2,8548,8201,8325,8778,8211,8492,7850,6999,7946,8228,8796,8536,8048,8002
4,2,8540,8188,8329,8779,8209,8483,7851,6995,7926,8213,8800,8525,8047,7987
4,2,8551,8198,8323,8777,8221,8486,7845,6990,7930,8225,8790,8530,8046,7989
4,3,8544,8200,8329,8774,8222,8487,7842,6989,7935,8227,8788,8537,8047,7994
4,2,8524,8190,8332,8774,8199,8481,7833,6990,7925,8210,8791,8521,8036,7981
4,2,8535,8194,8320,8774,8195,8483,7831,6990,7928,8216,8787,8525,8035,7987
4,3,8558,8207,8333,8778,8222,8497,7847,6992,7951,8238,8801,8554,8061,8011
4,2,8541,8190,8393,8777,8239,8480,7873,6993,7925,8213,8837,8539,8095,8025
4,3,8507,8166,8430,8767,8233,8451,7888,6992,7870,8168,8850,8493,8098,8011
4,2,8508,8168,8396,8770,8225,8450,7881,6989,7865,8168,8818,8489,8072,7976
4,2,8527,8177,8330,8778,8220,8471,7857,6988,7903,8192,8784,8509,8037,7956
4,2,8529,8184,8294,8772,8205,8485,7837,6988,7930,8207,8774,8514,8010,7965
4,2,8529,8197,8292,8776,8194,8488,7833,6989,7938,8217,8777,8520,8011,7970
4,2,8536,8202,8299,8788,8196,8482,7831,6991,7939,8225,8781,8523,8023,7966
4,2,8532,8190,8302,8785,8202,8478,7829,6992,7934,8225,8781,8515,8026,7975
4,2,8530,8183,8308,8776,8201,8483,7828,6990,7932,8224,8779,8516,8032,7983
4,2,8534,8185,8319,8777,8196,8476,7835,6985,7924,8218,8783,8518,8038,7977
4,3,8537,8191,8327,8779,8197,8477,7841,6984,7919,8216,8791,8517,8037,7978
4,2,8531,8188,8329,8775,8203,8479,7841,6986,7918,8208,8790,8517,8035,7983
4,2,8525,8184,8330,8776,8209,8473,7840,6992,7928,8204,8789,8517,8034,7983
4,2,8522,8184,8332,8776,8202,8470,7844,6995,7923,8206,8790,8514,8037,7982
4,2,8527,8184,8335,8777,8199,8475,7849,6995,7911,8206,8794,8515,8050,7978
4,2,8527,8177,8341,8775,8210,8467,7853,6991,7901,8197,8788,8514,8053,7976
4,2,8524,8177,8340,8770,8220,8466,7846,6984,7908,8195,8785,8511,8038,7978
4,2,8532,8182,8341,8773,8212,8472,7843,6987,7916,8203,8792,8516,8046,7980
4,3,8535,8179,8333,8780,8203,8470,7849,6991,7919,8208,8789,8514,8044,7974
4,2,8525,8180,8285,8780,8193,8475,7830,6987,7927,8212,8754,8506,7998,7955
4,2,8537,8199,8249,8780,8183,8502,7798,6990,7957,8240,8739,8527,7989,7954
4,2,8552,8208,8298,8784,8193,8504,7817,6996,7960,8250,8786,8542,8041,7993
4,2,8528,8182,8363,8780,8213,8469,7859,6990,7912,8204,8824,8513,8057,8011
4,2,8519,8170,8345,8771,8217,8459,7852,6985,7896,8183,8797,8496,8030,7979
4,3,8545,8189,8311,8778,8211,8484,7834,6991,7930,8217,8771,8529,8040,7964
4,2,8546,8195,8341,8787,8217,8487,7848,6995,7934,8227,8802,8541,8064,7993
4,2,8519,8175,8384,8777,8223,8461,7863,6989,7894,8194,8823,8511,8060,8004
4,2,8526,8170,8368,8769,8226,8462,7855,6991,7892,8190,8808,8503,8051,7984
4,2,8541,8179,8337,8775,8225,8474,7851,6996,7914,8201,8796,8520,8052,7974
4,3,8535,8184,8344,8778,8222,8478,7854,6991,7922,8200,8804,8522,8050,7984
4,2,8527,8180,8360,8772,8218,8474,7855,6988,7912,8192,8805,8510,8049,7986
4,2,8533,8180,8348,8773,8218,8474,7851,6993,7911,8196,8802,8511,8052,7980
4,2,8536,8181,8338,8774,8217,8469,7849,6993,7916,8204,8795,8517,8050,7979
4,2,8531,8185,8339,8772,8220,8473,7849,6991,7915,8208,8792,8516,8043,7978
4,2,8529,8186,8338,8774,8219,8477,7849,6992,7910,8205,8792,8516,8041,7977
4,2,8528,8184,8329,8777,8219,8476,7849,6989,7912,8205,8789,8515,8038,7972
4,3,8530,8185,8325,8778,8217,8475,7849,6987,7919,8208,8787,8515,8037,7970
4,2,8530,8188,8328,8779,8215,8477,7848,6992,7918,8206,8792,8514,8043,7977
4,3,8531,8188,8339,8779,8217,8477,7845,6995,7918,8206,8797,8515,8050,7982
4,2,8532,8183,8344,8772,8219,8474,7847,6992,7918,8202,8795,8516,8046,7982
4,2,8530,8182,8338,8771,8215,8476,7848,6987,7920,8199,8795,8515,8042,7984
4,2,8528,8183,8338,8775,8212,8474,7850,6985,7918,8200,8796,8514,8044,7985
4,3,8530,8180,8342,8773,8215,8474,7852,6993,7920,8205,8791,8517,8046,7981
4,2,8525,8179,8341,8772,8215,8471,7849,6994,7918,8205,8786,8516,8044,7980
4,3,8526,8190,8332,8781,8213,8475,7845,6989,7922,8206,8789,8509,8041,7980
4,2,8530,8188,8327,8779,8211,8472,7849,6988,7921,8206,8789,8511,8044,7977
4,2,8531,8184,8328,8772,8210,8470,7850,6992,7922,8211,8788,8520,8045,7979
4,3,8530,8187,8332,8775,8212,8474,7847,6991,7922,8211,8791,8517,8041,7981
4,2,8529,8190,8330,8779,8215,8483,7847,6988,7926,8208,8794,8512,8041,7982
4,2,8529,8186,8327,8778,8213,8478,7850,6991,7924,8208,8787,8517,8046,7982
4,2,8533,8193,8325,8777,8213,8474,7849,6993,7919,8210,8788,8519,8044,7981
4,2,8533,8197,8325,8776,8216,8478,7847,6991,7914,8208,8791,8512,8041,7979
4,2,8524,8190,8329,8775,8217,8477,7849,6988,7917,8204,8791,8515,8043,7981
4,3,8527,8190,8332,8773,8215,8472,7849,6991,7922,8203,8791,8521,8040,7983
4,2,8533,8195,8332,8780,8214,8474,7846,6995,7916,8204,8791,8517,8040,7983
4,3,8530,8189,8336,8783,8209,8477,7846,6994,7913,8208,8792,8512,8044,7981
4,2,8526,8183,8340,8779,8207,8470,7847,6991,7918,8202,8790,8513,8045,7984
4,2,8530,8200,8336,8781,8212,8473,7845,6994,7928,8202,8794,8521,8045,7989
4,3,8529,8205,8335,8782,8214,8479,7848,6993,7927,8208,8796,8526,8049,7987
4,2,8529,8190,8339,8778,8211,8480,7849,6990,7928,8206,8792,8525,8051,7982
4,2,8525,8188,8338,8777,8213,8476,7851,6990,7926,8200,8788,8521,8049,7981
4,2,8519,8203,8329,8778,8216,8474,7853,6993,7925,8207,8792,8517,8044,7976
4,2,8519,8200,8325,8773,8209,8467,7842,6991,7918,8216,8791,8515,8040,7974
4,2,8525,8195,8326,8774,8206,8473,7837,6993,7923,8218,8791,8520,8046,7984
4,3,8517,8193,8340,8776,8213,8473,7850,6996,7917,8208,8797,8518,8050,7986
4,2,8506,8192,8347,8781,8215,8469,7852,6994,7906,8199,8794,8508,8041,7978
4,2,8510,8191,8332,8784,8208,8473,7845,6992,7907,8197,8782,8508,8037,7973
4,2,8513,8192,8322,8777,8208,8480,7847,6994,7919,8204,8784,8516,8041,7971
4,2,8515,8190,8332,8772,8216,8479,7853,6993,7919,8203,8788,8515,8041,7973
4,2,8518,8195,8338,8774,8218,8472,7850,6994,7912,8197,8787,8509,8040,7979
4,3,8518,8201,8327,8777,8208,8470,7843,6995,7919,8199,8790,8511,8041,7981
4,2,8518,8200,8323,8775,8206,8473,7842,6988,7925,8203,8790,8515,8044,7980
4,3,8521,8201,8335,8771,8214,8479,7846,6987,7921,8208,8790,8516,8049,7980
4,2,8520,8200,8341,8773,8212,8476,7850,6993,7916,8206,8792,8515,8048,7980
4,2,8524,8199,8334,8784,8211,8479,7851,6991,7927,8209,8797,8518,8044,7984
4,2,8529,8200,8336,8782,8217,8481,7855,6988,7929,8202,8797,8519,8048,7986
4,2,8522,8202,8342,8773,8220,8474,7856,6990,7919,8197,8796,8513,8051,7980
4,3,8518,8201,8338,8771,8216,8466,7857,6991,7910,8197,8791,8513,8051,7974
4,2,8524,8206,8335,8774,8210,8472,7850,6994,7917,8199,8788,8520,8049,7972
4,3,8517,8205,8342,8775,8212,8468,7848,6994,7919,8203,8785,8518,8049,7974
4,3,8514,8205,8341,8776,8222,8466,7858,6990,7919,8212,8785,8511,8048,7981
4,2,8521,8208,8341,8773,8213,8472,7859,6992,7921,8210,8791,8512,8047,7987
4,2,8521,8202,8342,8777,8199,8478,7851,6995,7928,8200,8798,8515,8047,7985
4,2,8513,8197,8339,8783,8209,8470,7852,6991,7923,8201,8795,8518,8048,7985
4,2,8511,8203,8344,8779,8222,8471,7858,6991,7915,8205,8792,8519,8048,7984
4,2,8512,8204,8350,8775,8215,8477,7857,6993,7912,8200,8793,8514,8047,7981
4,3,8511,8194,8345,8776,8210,8472,7856,6991,7906,8196,8794,8512,8046,7980
4,2,8513,8199,8336,8775,8217,8465,7853,6990,7909,8202,8790,8516,8046,7978
4,2,8514,8209,8335,8772,8217,8474,7849,6987,7916,8205,8784,8515,8042,7978
4,2,8515,8208,8330,8776,8205,8484,7844,6991,7928,8208,8786,8516,8039,7981
4,2,8514,8203,8324,8776,8200,8477,7842,6997,7934,8207,8791,8521,8042,7983
4,2,8513,8206,8323,8773,8211,8476,7846,6995,7936,8211,8790,8517,8045,7981
4,2,8508,8207,8329,8773,8218,8476,7848,6988,7925,8212,8785,8511,8044,7980
4,3,8507,8208,8333,8774,8208,8476,7842,6988,7920,8208,8789,8513,8041,7975
4,3,8509,8207,8330,8774,8204,8473,7843,6990,7919,8199,8791,8517,8042,7973
4,2,8507,8209,8326,8777,8212,8474,7850,6991,7921,8200,8790,8517,8041,7980
4,2,8502,8208,8329,8781,8210,8472,7848,6993,7923,8208,8790,8516,8043,7982
4,2,8505,8210,8335,8785,8206,8476,7842,6995,7930,8210,8792,8516,8048,7980
4,2,8509,8215,8336,8783,8209,8476,7847,6993,7927,8205,8790,8520,8050,7985
4,2,8506,8218,8331,8776,8215,8475,7851,6991,7924,8204,8790,8520,8046,7986
4,2,8504,8213,8330,8773,8214,8473,7849,6989,7921,8209,8790,8514,8043,7977
4,3,8502,8211,8335,8776,8214,8470,7850,6986,7919,8204,8786,8517,8042,7972
4,2,8506,8213,8334,8775,8215,8473,7849,6987,7920,8196,8784,8522,8041,7976
4,2,8509,8211,8331,8772,8215,8476,7848,6989,7919,8201,8787,8521,8045,7980
4,3,8509,8215,8330,8775,8209,8475,7847,6993,7919,8209,8788,8520,8046,7985
4,2,8505,8217,8332,8776,8205,8476,7848,6995,7922,8204,8782,8519,8039,7984
4,2,8504,8215,8324,8775,8209,8483,7843,6992,7931,8208,8786,8518,8035,7981
4,2,8499,8215,8319,8775,8204,8479,7838,6989,7931,8214,8790,8519,8037,7981
4,2,8502,8223,8319,8775,8198,8477,7834,6995,7931,8211,8787,8519,8040,7980
4,2,8508,8220,8324,8772,8206,8477,7842,6997,7926,8205,8784,8519,8042,7977
4,3,8507,8221,8330,8777,8216,8479,7848,6991,7925,8208,8790,8524,8041,7980
4,2,8500,8223,8336,8779,8213,8473,7845,6989,7922,8203,8790,8525,8041,7985
4,2,8502,8215,8335,8774,8213,8472,7843,6994,7922,8198,8792,8518,8042,7985
4,3,8505,8211,8335,8773,8214,8469,7851,6992,7918,8204,8793,8512,8043,7982
4,2,8504,8222,8337,8777,8215,8473,7851,6992,7919,8210,8792,8513,8044,7982
4,2,8506,8227,8338,8775,8214,8476,7849,6992,7923,8209,8791,8522,8048,7986
4,2,8506,8223,8335,8779,8213,8473,7853,6989,7927,8208,8792,8521,8047,7984
4,3,8503,8221,8331,8782,8215,8473,7849,6988,7925,8209,8788,8513,8044,7980
4,2,8501,8219,8329,8777,8215,8473,7840,6994,7920,8205,8789,8515,8042,7982
4,2,8499,8216,8331,8776,8212,8474,7843,6989,7921,8206,8790,8520,8040,7983
4,2,8497,8216,8334,8779,8212,8476,7845,6980,7922,8210,8786,8519,8045,7980
4,2,8503,8224,8333,8778,8210,8479,7840,6984,7925,8214,8790,8515,8050,7984
4,2,8503,8230,8334,8778,8205,8480,7845,6988,7922,8210,8792,8511,8047,7987
4,3,8500,8229,8333,8778,8208,8481,7849,6990,7922,8213,8791,8513,8043,7980
4,2,8498,8221,8331,8774,8218,8476,7847,6993,7919,8215,8785,8519,8042,7977
4,2,8499,8217,8331,8778,8222,8479,7845,6995,7922,8209,8786,8519,8035,7981
4,2,8502,8214,8333,8779,8214,8481,7850,6992,7922,8191,8791,8511,8041,7979
4,2,8503,8222,8333,8773,8208,8481,7852,6990,7925,8189,8796,8509,8060,7978
4,2,8496,8223,8333,8773,8214,8479,7852,6992,7921,8200,8788,8522,8056,7983
4,3,8494,8221,8333,8779,8221,8482,7850,6993,7922,8206,8782,8526,8041,7984
4,2,8498,8227,8337,8778,8215,8476,7846,6991,7922,8205,8789,8518,8047,7980
4,3,8498,8231,8338,8776,8208,8473,7846,6989,7917,8208,8793,8513,8056,7979
4,3,8498,8222,8335,8778,8212,8476,7846,6991,7911,8210,8787,8512,8047,7976
4,2,8502,8213,8331,8777,8220,8479,7845,6990,7916,8207,8780,8513,8034,7978
4,2,8505,8221,8328,8777,8210,8481,7842,6988,7925,8210,8787,8520,8035,7984
4,2,8498,8229,8327,8776,8202,8480,7844,6990,7926,8212,8796,8522,8045,7986
4,2,8492,8226,8329,8774,8219,8477,7846,6990,7923,8207,8789,8512,8045,7985
4,3,8490,8222,8334,8775,8218,8470,7845,6986,7917,8199,8784,8508,8044,7981
4,3,8496,8232,8331,8778,8195,8471,7846,6985,7924,8207,8794,8512,8053,7975
4,2,8498,8234,8331,8776,8206,8470,7848,6983,7923,8215,8791,8515,8052,7976
4,3,8498,8225,8335,8773,8233,8470,7848,6986,7917,8213,8783,8514,8040,7981
4,2,8500,8219,8338,8774,8216,8472,7848,6992,7917,8203,8788,8512,8041,7982
4,2,8503,8223,8332,8780,8194,8479,7849,6994,7929,8203,8797,8517,8045,7983
4,2,8501,8223,8332,8781,8206,8478,7849,6991,7928,8198,8791,8520,8045,7984
4,2,8500,8224,8334,8775,8226,8481,7853,6989,7923,8200,8784,8516,8042,7981
4,3,8499,8227,8330,8771,8220,8477,7859,6987,7920,8211,8783,8512,8038,7977
4,2,8499,8233,8322,8777,8202,8472,7848,6989,7923,8212,8789,8516,8039,7977
4,3,8500,8230,8328,8780,8202,8473,7838,6994,7923,8205,8791,8522,8042,7983
4,2,8502,8224,8341,8774,8220,8479,7845,6990,7923,8209,8789,8520,8038,7988
4,2,8504,8222,8341,8772,8220,8479,7851,6988,7929,8215,8787,8518,8041,7987
4,2,8500,8219,8331,8778,8207,8475,7848,6993,7926,8202,8791,8516,8052,7983
4,2,8496,8217,8332,8778,8210,8470,7848,6994,7918,8188,8793,8512,8052,7981
4,2,8490,8221,8339,8776,8223,8464,7853,6989,7915,8189,8785,8510,8047,7979
4,3,8492,8225,8335,8777,8218,8470,7851,6989,7918,8202,8783,8514,8044,7977
4,3,8499,8227,8336,8777,8204,8473,7848,6990,7916,8209,8791,8515,8049,7978
4,2,8504,8228,8346,8779,8208,8471,7849,6994,7922,8210,8796,8512,8056,7979
4,3,8498,8221,8346,8780,8218,8470,7851,6993,7924,8206,8792,8514,8052,7977
4,2,8499,8222,8334,8775,8218,8474,7849,6991,7926,8206,8790,8522,8042,7981
4,2,8503,8227,8333,8773,8213,8474,7851,6993,7924,8203,8788,8524,8043,7982
4,2,8502,8221,8337,8777,8212,8475,7853,6992,7921,8196,8788,8520,8045,7973
4,3,8499,8211,8332,8773,8213,8471,7852,6983,7913,8198,8786,8515,8043,7975
4,2,8501,8220,8326,8770,8217,8470,7848,6985,7917,8211,8784,8515,8041,7981
4,2,8500,8232,8328,8776,8208,8471,7844,6993,7923,8208,8785,8515,8044,7978
4,2,8503,8232,8333,8777,8198,8478,7843,6993,7925,8203,8792,8517,8049,7980
4,2,8506,8229,8335,8775,8209,8479,7849,6989,7924,8211,8789,8521,8051,7988
4,2,8497,8225,8332,8775,8221,8477,7852,6992,7928,8216,8784,8519,8042,7986
4,2,8495,8223,8331,8775,8209,8477,7846,6993,7930,8211,8787,8510,8040,7983
4,2,8502,8221,8331,8775,8203,8478,7845,6987,7920,8201,8792,8512,8047,7982
4,2,8503,8223,8331,8778,8216,8475,7847,6987,7911,8202,8786,8521,8049,7976
4,3,8496,8223,8331,8777,8222,8472,7850,6990,7911,8206,8781,8519,8045,7974
4,2,8498,8226,8331,8774,8212,8475,7849,6992,7921,8210,8788,8514,8041,7982
4,2,8498,8228,8333,8776,8204,8469,7848,6993,7922,8205,8792,8517,8042,7986
4,2,8494,8223,8334,8777,8207,8473,7849,6994,7924,8209,8789,8520,8046,7983
4,2,8492,8218,8335,8773,8216,8479,7850,6990,7921,8211,8783,8518,8046,7979
4,2,8495,8224,8332,8774,8216,8479,7845,6992,7924,8209,8788,8518,8041,7977
4,2,8497,8228,8330,8776,8204,8472,7845,6993,7924,8208,8792,8520,8043,7979
4,2,8502,8226,8327,8774,8208,8475,7850,6990,7923,8212,8788,8517,8047,7981
4,2,8502,8225,8329,8773,8220,8473,7849,6992,7919,8208,8781,8511,8047,7979
4,3,8498,8231,8332,8773,8216,8472,7846,6993,7923,8206,8787,8512,8044,7980
4,2,8499,8227,8331,8773,8203,8473,7851,6994,7924,8211,8791,8520,8048,7982
4,2,8501,8223,8329,8776,8207,8473,7852,6995,7922,8209,8786,8526,8052,7981
4,2,8501,8224,8331,8774,8214,8470,7846,6992,7923,8205,8780,8524,8050,7981
4,2,8502,8229,8335,8773,8208,8476,7843,6990,7927,8211,8782,8519,8045,7980
4,2,8506,8233,8330,8777,8201,8482,7848,6998,7926,8216,8791,8521,8044,7978
4,2,8501,8230,8328,8775,8206,8477,7852,6996,7918,8207,8796,8521,8043,7979
4,2,8498,8225,8331,8772,8218,8473,7851,6984,7917,8204,8786,8518,8040,7979
4,3,8500,8219,8331,8776,8214,8477,7848,6979,7917,8208,8780,8519,8043,7975
4,2,8504,8221,8330,8774,8202,8482,7847,6986,7920,8213,8792,8521,8048,7974
4,3,8503,8226,8332,8772,8205,8477,7848,6994,7917,8208,8798,8518,8045,7977
4,2,8503,8232,8332,8779,8217,8478,7850,6993,7923,8205,8791,8517,8040,7979
4,2,8496,8226,8331,8779,8216,8476,7846,6984,7922,8206,8785,8512,8039,7978
4,2,8494,8219,8322,8776,8204,8475,7835,6986,7922,8209,8782,8507,8036,7974
4,2,8495,8222,8308,8777,8196,8479,7830,6995,7922,8212,8773,8514,8031,7972
4,2,8501,8233,8298,8776,8201,8485,7831,6992,7933,8219,8768,8520,8028,7971
4,2,8508,8236,8300,8774,8211,8483,7833,6979,7936,8221,8768,8520,8030,7973
4,2,8508,8230,8313,8774,8214,8488,7836,6980,7935,8221,8777,8520,8033,7981
4,2,8507,8228,8333,8773,8213,8484,7845,6992,7933,8220,8789,8519,8037,7988
4,3,8506,8229,8340,8775,8216,8477,7850,6994,7929,8212,8795,8515,8044,7983
4,2,8505,8225,8327,8773,8214,8480,7844,6991,7925,8210,8787,8522,8044,7973
4,2,8505,8226,8321,8774,8213,8484,7839,6992,7931,8217,8785,8532,8041,7978
4,2,8511,8230,8345,8781,8220,8479,7859,6993,7937,8215,8805,8533,8058,7995
4,2,8509,8221,8385,8778,8230,8469,7888,6992,7915,8199,8826,8518,8079,8007
4,3,8498,8208,8390,8772,8230,8460,7880,6996,7894,8190,8818,8501,8073,7997
4,2,8495,8210,8355,8772,8218,8464,7853,6996,7900,8192,8793,8506,8052,7972
4,2,8503,8223,8331,8773,8203,8482,7846,6993,7922,8206,8785,8520,8041,7964
4,2,8505,8220,8334,8774,8206,8480,7850,6994,7921,8211,8787,8513,8040,7974
4,2,8504,8220,8330,8776,8216,8472,7845,6994,7918,8210,8790,8508,8039,7979
4,2,8503,8226,8322,8776,8210,8478,7844,6989,7920,8210,8783,8522,8039,7974
4,3,8504,8227,8320,8778,8202,8483,7847,6988,7925,8212,8780,8524,8040,7974
4,2,8504,8220,8323,8779,8202,8471,7847,6991,7921,8210,8784,8513,8043,7979
4,2,8503,8221,8326,8778,8204,8471,7845,6992,7923,8212,8789,8513,8039,7977
4,2,8501,8230,8324,8776,8200,8475,7844,6986,7928,8215,8786,8518,8037,7975
4,2,8501,8231,8322,8775,8202,8473,7842,6983,7930,8211,8788,8517,8040,7976
4,3,8506,8225,8324,8776,8208,8466,7844,6987,7926,8206,8792,8520,8040,7979
4,2,8505,8222,8323,8777,8209,8466,7848,6987,7927,8206,8789,8521,8037,7978
4,2,8504,8222,8319,8775,8204,8469,7844,6983,7928,8213,8786,8516,8036,7978
4,2,8503,8221,8323,8773,8205,8468,7844,6985,7928,8216,8785,8516,8040,7977
4,2,8504,8226,8326,8776,8213,8471,7845,6988,7932,8212,8786,8518,8040,7975
4,2,8504,8231,8319,8774,8210,8471,7841,6982,7927,8206,8786,8515,8035,7975
4,2,8508,8229,8312,8773,8200,8471,7840,6985,7924,8214,8784,8517,8035,7977
4,2,8508,8222,8313,8774,8198,8467,7843,6990,7924,8218,8784,8519,8039,7977
4,2,8505,8222,8320,8773,8208,8467,7843,6982,7926,8217,8788,8519,8040,7977
4,2,8505,8222,8326,8771,8213,8467,7844,6977,7922,8215,8785,8519,8047,7980
4,2,8511,8225,8325,8774,8209,8467,7847,6987,7927,8217,8784,8518,8048,7984
4,3,8510,8220,8324,8774,8206,8464,7844,6987,7925,8212,8788,8516,8039,7982
4,2,8503,8219,8327,8773,8214,8469,7843,6981,7924,8212,8790,8517,8037,7982
4,2,8500,8222,8327,8773,8221,8475,7850,6982,7927,8211,8785,8517,8042,7979
4,2,8503,8227,8323,8772,8212,8478,7850,6988,7926,8208,8788,8515,8043,7971
4,2,8506,8225,8328,8772,8198,8473,7845,6989,7921,8212,8787,8517,8040,7972
4,2,8505,8225,8331,8773,8203,8473,7846,6983,7918,8216,8785,8523,8040,7977
4,3,8500,8231,8328,8774,8211,8471,7849,6980,7920,8215,8787,8524,8040,7977
4,2,8499,8226,8328,8772,8205,8466,7846,6982,7927,8212,8790,8516,8039,7979
4,2,8505,8225,8327,8771,8201,8466,7845,6982,7929,8215,8788,8511,8039,7979
4,2,8506,8227,8325,8773,8206,8468,7849,6982,7920,8217,8786,8514,8041,7977
4,2,8504,8225,8327,8776,8205,8471,7845,6988,7920,8215,8788,8518,8044,7980
4,2,8499,8220,8332,8775,8206,8470,7838,6988,7921,8208,8789,8518,8047,7980
4,2,8501,8220,8327,8772,8209,8472,7840,6986,7923,8208,8789,8516,8044,7974
4,2,8502,8222,8324,8773,8208,8470,7847,6985,7924,8206,8787,8510,8043,7979
4,3,8503,8228,8325,8775,8211,8474,7845,6986,7929,8209,8789,8510,8044,7983
4,2,8502,8228,8334,8773,8213,8472,7840,6990,7923,8215,8790,8516,8044,7977
4,2,8502,8229,8335,8774,8212,8472,7845,6994,7924,8219,8791,8515,8042,7983
4,3,8505,8230,8328,8776,8208,8475,7847,6986,7929,8216,8791,8513,8046,7989
4,2,8509,8226,8329,8776,8209,8479,7843,6983,7932,8216,8790,8518,8042,7980
4,3,8507,8222,8333,8776,8214,8475,7847,6990,7922,8209,8782,8522,8035,7977
4,2,8504,8224,8329,8777,8219,8476,7852,6990,7919,8205,8778,8515,8035,7981
4,2,8506,8220,8326,8773,8219,8477,7849,6988,7924,8208,8781,8512,8038,7978
4,2,8508,8220,8331,8773,8210,8474,7848,6992,7923,8206,8787,8519,8042,7977
4,2,8506,8225,8332,8776,8196,8476,7850,6994,7919,8203,8791,8523,8049,7984
4,2,8503,8220,8329,8775,8203,8482,7850,6988,7918,8211,8786,8520,8052,7983
4,2,8501,8218,8329,8773,8223,8478,7849,6992,7923,8219,8783,8514,8047,7980
4,2,8500,8225,8333,8775,8214,8468,7846,6995,7919,8213,8790,8513,8048,7982
4,2,8505,8230,8334,8776,8193,8472,7845,6996,7914,8208,8794,8518,8053,7980
4,2,8505,8223,8334,8775,8204,8475,7849,6996,7914,8210,8785,8520,8046,7978
4,2,8501,8217,8331,8779,8218,8474,7849,6989,7924,8213,8779,8519,8035,7981
4,3,8497,8219,8331,8778,8208,8474,7847,6987,7919,8207,8786,8517,8038,7977
4,2,8504,8221,8333,8775,8203,8476,7850,6995,7915,8207,8793,8518,8045,7973
4,2,8505,8218,8332,8777,8215,8471,7849,6990,7921,8210,8786,8519,8046,7977
4,2,8498,8227,8331,8778,8220,8476,7842,6984,7929,8214,8784,8521,8043,7977
4,3,8500,8233,8333,8774,8209,8479,7842,6993,7924,8214,8792,8520,8043,7976
4,2,8507,8229,8333,8774,8199,8476,7848,6997,7923,8218,8799,8517,8047,7975
4,2,8506,8221,8334,8775,8208,8472,7848,6987,7923,8217,8789,8514,8050,7975
4,2,8504,8219,8335,8775,8221,8479,7848,6983,7921,8211,8782,8515,8047,7977
4,3,8505,8223,8335,8778,8212,8482,7850,6990,7920,8212,8788,8518,8048,7980
4,3,8503,8227,8335,8778,8204,8477,7846,6996,7917,8213,8792,8516,8049,7980
4,2,8505,8222,8334,8775,8215,8480,7845,6993,7919,8207,8786,8513,8043,7979
4,3,8504,8220,8333,8778,8220,8480,7852,6986,7921,8206,8782,8509,8040,7977
4,2,8505,8229,8332,8782,8211,8477,7850,6989,7923,8216,8785,8514,8043,7977
4,2,8510,8229,8338,8780,8205,8470,7844,6993,7922,8213,8782,8522,8047,7976
4,2,8512,8220,8337,8774,8207,8471,7850,6991,7923,8204,8784,8519,8052,7973
4,2,8502,8216,8331,8773,8213,8471,7856,6987,7919,8202,8785,8514,8054,7971
4,2,8501,8224,8328,8777,8220,8474,7851,6988,7921,8212,8785,8512,8049,7972
4,2,8506,8226,8331,8780,8208,8473,7849,6990,7920,8211,8790,8507,8047,7975
4,3,8505,8221,8331,8780,8193,8476,7846,6990,7920,8206,8795,8514,8051,7980
4,2,8499,8216,8332,8780,8212,8475,7843,6987,7918,8209,8784,8525,8050,7979
4,2,8500,8219,8333,8773,8230,8474,7848,6987,7927,8216,8781,8518,8039,7975
4,2,8504,8217,8331,8770,8206,8473,7850,6990,7929,8212,8793,8509,8041,7977
4,2,8508,8217,8331,8778,8191,8476,7843,6993,7926,8210,8796,8516,8055,7981
4,2,8509,8217,8334,8779,8213,8478,7846,6990,7921,8209,8783,8524,8055,7979
4,3,8504,8218,8329,8772,8224,8480,7851,6987,7926,8205,8777,8520,8042,7973
4,2,8502,8220,8327,8773,8206,8473,7848,6992,7934,8209,8787,8513,8039,7973
4,2,8506,8216,8334,8775,8201,8470,7848,6995,7927,8207,8799,8513,8051,7972
4,2,8508,8215,8335,8774,8214,8478,7850,6991,7917,8203,8792,8521,8057,7971
4,3,8505,8218,8333,8772,8221,8484,7847,6989,7915,8209,8783,8521,8043,7979
4,2,8507,8223,8333,8775,8209,8479,7846,6992,7924,8216,8790,8514,8037,7981
4,2,8510,8218,8334,8777,8195,8470,7851,6987,7924,8208,8795,8512,8046,7972
4,2,8509,8215,8332,8775,8209,8476,7851,6987,7923,8207,8783,8517,8045,7972
4,2,8507,8218,8338,8774,8229,8480,7850,6995,7920,8209,8777,8513,8041,7975
4,3,8514,8226,8337,8782,8207,8479,7849,6997,7922,8212,8792,8512,8048,7972
4,2,8516,8221,8333,8782,8184,8474,7849,6994,7919,8211,8798,8525,8050,7976
4,2,8511,8213,8331,8771,8220,8474,7848,6991,7919,8211,8784,8526,8040,7982
4,2,8505,8214,8332,8772,8235,8469,7849,6989,7920,8207,8780,8510,8040,7977
4,2,8507,8218,8332,8781,8191,8471,7849,6992,7926,8208,8795,8513,8050,7971
4,2,8514,8213,8332,8777,8190,8473,7850,6988,7924,8216,8790,8527,8052,7977
4,2,8518,8213,8332,8772,8236,8475,7849,6983,7921,8213,8774,8516,8044,7982
4,2,8512,8214,8334,8774,8226,8474,7850,6991,7928,8203,8782,8502,8041,7977
4,3,8507,8211,8331,8776,8187,8470,7850,6998,7929,8211,8797,8514,8048,7975
4,2,8510,8212,8329,8775,8201,8472,7850,6989,7921,8214,8788,8527,8052,7974
4,3,8505,8212,8335,8772,8228,8480,7847,6983,7921,8201,8777,8523,8042,7972
4,2,8505,8215,8339,8775,8224,8478,7846,6993,7932,8208,8785,8517,8039,7978
4,2,8508,8215,8335,8779,8208,8463,7853,7000,7921,8216,8793,8513,8047,7979
4,3,8506,8212,8334,8774,8207,8467,7850,6992,7915,8209,8790,8513,8044,7970
4,2,8505,8211,8338,8771,8218,8476,7844,6984,7922,8201,8785,8520,8039,7973
4,2,8510,8215,8334,8780,8217,8479,7849,6992,7924,8205,8789,8523,8044,7982
4,2,8507,8211,8327,8781,8207,8473,7854,6996,7916,8209,8790,8518,8047,7980
4,2,8505,8211,8331,8772,8210,8473,7847,6992,7924,8213,8788,8511,8042,7978
4,2,8510,8215,8339,8772,8211,8474,7847,6993,7926,8210,8789,8512,8044,7979
4,3,8513,8222,8331,8780,8203,8476,7847,6994,7924,8214,8792,8519,8045,7976
4,2,8511,8218,8327,8780,8211,8477,7841,6989,7922,8217,8788,8523,8040,7976
4,2,8510,8212,8335,8778,8225,8480,7844,6990,7925,8208,8783,8513,8042,7978
4,2,8512,8211,8336,8778,8214,8475,7845,6996,7925,8204,8788,8513,8049,7979
4,2,8516,8213,8330,8779,8209,8468,7844,6993,7924,8209,8790,8522,8051,7980
4,3,8512,8209,8334,8782,8214,8467,7848,6988,7922,8206,8785,8518,8048,7978
4,2,8506,8208,8339,8779,8212,8469,7849,6993,7926,8205,8787,8516,8047,7974
4,2,8510,8215,8333,8774,8209,8471,7846,6998,7932,8214,8793,8528,8043,7976
4,2,8511,8211,8330,8776,8213,8472,7852,6991,7926,8213,8790,8523,8048,7979
4,2,8510,8206,8336,8775,8212,8474,7851,6989,7923,8212,8783,8514,8057,7977
4,2,8512,8209,8340,8776,8208,8475,7846,6993,7921,8211,8786,8523,8052,7977
4,3,8515,8215,8334,8781,8208,8477,7847,6993,7921,8208,8794,8528,8042,7978
4,2,8511,8209,8334,8779,8207,8472,7850,6989,7919,8203,8792,8516,8042,7973
4,3,8511,8205,8337,8771,8215,8474,7850,6988,7925,8209,8785,8509,8041,7969
4,2,8514,8206,8335,8772,8218,8476,7850,6990,7923,8211,8783,8515,8044,7974
4,2,8517,8209,8331,8781,8205,8478,7846,6994,7922,8210,8790,8519,8049,7982
4,2,8515,8207,8332,8783,8208,8477,7849,6996,7922,8209,8784,8516,8045,7983
4,2,8516,8206,8333,8777,8224,8474,7852,6993,7924,8213,8778,8514,8040,7979
4,3,8519,8206,8332,8773,8208,8469,7848,6990,7925,8213,8785,8518,8047,7978
4,2,8515,8207,8332,8779,8189,8478,7847,6991,7925,8205,8795,8520,8051,7979
4,2,8516,8206,8333,8784,8211,8479,7850,6987,7919,8205,8787,8521,8046,7973
4,3,8519,8206,8333,8775,8231,8470,7852,6980,7918,8214,8780,8519,8040,7970
4,2,8517,8207,8333,8771,8211,8471,7849,6988,7922,8213,8791,8513,8043,7976
4,2,8519,8208,8334,8779,8195,8474,7847,6996,7922,8208,8796,8515,8050,7976
4,2,8523,8205,8331,8780,8212,8470,7848,6991,7920,8208,8788,8524,8046,7972
4,2,8512,8204,8330,8774,8231,8469,7850,6991,7921,8208,8783,8521,8038,7978
4,2,8510,8211,8334,8780,8217,8476,7845,6996,7930,8211,8792,8512,8041,7984
4,3,8519,8212,8335,8782,8188,8476,7845,6991,7928,8206,8799,8513,8049,7979
4,2,8519,8209,8331,8772,8200,8478,7852,6988,7924,8209,8790,8518,8048,7974
4,2,8511,8207,8331,8770,8232,8474,7854,6989,7920,8210,8776,8517,8042,7976
4,2,8514,8212,8334,8780,8216,8475,7849,6989,7923,8203,8790,8515,8045,7977
4,2,8519,8209,8333,8781,8187,8476,7848,6988,7921,8198,8803,8516,8050,7975
4,3,8522,8205,8329,8775,8215,8475,7850,6988,7928,8207,8787,8519,8042,7973
4,2,8516,8203,8332,8773,8236,8473,7853,6990,7926,8207,8777,8519,8037,7974
4,2,8513,8207,8336,8779,8199,8478,7844,6995,7923,8210,8793,8520,8045,7981
4,2,8524,8213,8337,8782,8190,8477,7840,6997,7926,8220,8797,8522,8047,7982
4,2,8526,8211,8335,8777,8225,8481,7849,6991,7927,8212,8786,8517,8039,7978
4,3,8515,8207,8333,8775,8223,8482,7851,6989,7925,8208,8786,8509,8041,7977
4,2,8518,8209,8332,8778,8199,8475,7844,6994,7922,8214,8793,8515,8045,7976
4,3,8522,8209,8330,8780,8206,8472,7847,6994,7918,8212,8792,8526,8041,7971
4,3,8513,8203,8332,8777,8224,8477,7853,6985,7918,8203,8787,8518,8041,7975
4,2,8518,8205,8336,8773,8216,8480,7845,6988,7923,8207,8789,8514,8047,7979
4,2,8525,8206,8335,8776,8197,8474,7841,6996,7920,8209,8794,8528,8050,7975
4,3,8518,8205,8333,8778,8202,8473,7847,6992,7923,8211,8792,8529,8042,7975
4,2,8513,8205,8337,8775,8223,8473,7850,6982,7926,8212,8788,8516,8039,7978
4,2,8519,8209,8336,8779,8216,8478,7844,6986,7929,8205,8791,8515,8049,7975
4,3,8518,8207,8332,8783,8196,8476,7846,6996,7921,8203,8791,8516,8053,7974
4,2,8513,8207,8333,8778,8217,8478,7852,6994,7920,8217,8786,8513,8043,7975
4,3,8513,8207,8336,8773,8235,8479,7847,6986,7923,8213,8783,8515,8040,7978
4,3,8516,8208,8333,8778,8210,8476,7843,6992,7926,8198,8792,8515,8047,7978
4,2,8522,8205,8333,8779,8195,8469,7850,6993,7922,8206,8795,8515,8052,7978
4,2,8524,8204,8335,8775,8226,8472,7852,6982,7922,8220,8788,8517,8045,7980
4,2,8518,8205,8330,8772,8230,8478,7847,6985,7925,8206,8788,8515,8038,7978
4,2,8522,8206,8330,8778,8197,8476,7848,6996,7926,8200,8798,8516,8045,7975
4,2,8532,8206,8338,8786,8201,8478,7854,6994,7925,8215,8795,8519,8051,7976
4,2,8519,8204,8339,8782,8233,8490,7855,6987,7922,8213,8786,8514,8043,7974
4,2,8509,8203,8330,8778,8227,8492,7849,6989,7929,8205,8787,8511,8036,7975
4,3,8525,8203,8330,8777,8201,8479,7845,6995,7928,8207,8791,8514,8044,7980
4,2,8531,8207,8331,8774,8199,8473,7847,6995,7921,8209,8793,8518,8055,7978
4,3,8518,8206,8329,8775,8215,8479,7853,6988,7920,8206,8785,8527,8050,7972
4,2,8520,8205,8329,8777,8223,8482,7852,6986,7931,8212,8782,8530,8036,7973
4,2,8523,8205,8332,8774,8205,8471,7849,6990,7932,8207,8793,8520,8040,7972
4,2,8519,8208,8331,8779,8193,8469,7850,6993,7928,8205,8797,8515,8052,7969
4,2,8516,8207,8333,8779,8216,8474,7853,6986,7921,8214,8781,8517,8048,7972
4,3,8519,8206,8334,8772,8230,8478,7849,6980,7924,8214,8779,8518,8042,7973
4,2,8520,8203,8335,8772,8203,8472,7841,6989,7922,8208,8791,8518,8046,7974
4,2,8518,8205,8334,8777,8194,8474,7847,6998,7919,8210,8791,8517,8043,7978
4,2,8518,8204,8333,8774,8217,8474,7851,6989,7922,8203,8783,8515,8041,7978
4,3,8523,8201,8335,8770,8220,8474,7843,6983,7926,8200,8784,8517,8045,7973
4,2,8525,8204,8335,8775,8204,8474,7843,6987,7922,8213,8786,8520,8046,7976
4,3,8517,8207,8331,8776,8204,8475,7851,6989,7917,8217,8785,8516,8046,7979
4,2,8515,8205,8330,8771,8213,8475,7850,6989,7920,8212,8787,8513,8048,7977
4,2,8522,8203,8336,8775,8218,8473,7843,6983,7923,8213,8792,8514,8047,7975
4,3,8528,8203,8335,8783,8209,8474,7844,6982,7927,8215,8795,8517,8044,7977
4,2,8523,8204,8335,8778,8195,8472,7849,6994,7923,8209,8792,8518,8050,7980
4,2,8524,8208,8338,8771,8206,8474,7849,6995,7923,8210,8792,8517,8053,7978
4,2,8524,8203,8335,8777,8223,8474,7850,6983,7923,8209,8789,8516,8047,7974
4,2,8520,8200,8326,8778,8208,8473,7850,6987,7927,8211,8790,8516,8044,7974
4,2,8516,8205,8329,8773,8196,8467,7850,6998,7921,8208,8792,8517,8046,7975
4,3,8521,8208,8334,8775,8217,8470,7849,6994,7917,8207,8792,8518,8044,7974
4,2,8525,8199,8330,8775,8222,8470,7850,6986,7916,8207,8784,8521,8041,7975
4,2,8525,8199,8329,8779,8206,8470,7849,6990,7923,8210,8785,8520,8042,7979
4,2,8524,8201,8336,8779,8206,8470,7848,6993,7926,8209,8790,8516,8046,7975
4,2,8527,8202,8335,8775,8219,8475,7848,6989,7927,8210,8788,8518,8046,7972
4,3,8527,8203,8333,8774,8215,8480,7846,6993,7924,8210,8786,8522,8044,7975
4,2,8521,8202,8332,8775,8210,8477,7846,6997,7926,8205,8790,8520,8042,7974
4,2,8522,8202,8331,8773,8214,8470,7845,6990,7928,8205,8790,8514,8045,7972
4,2,8528,8204,8334,8777,8215,8472,7844,6985,7923,8205,8787,8512,8049,7978
4,2,8530,8205,8337,8782,8212,8478,7844,6993,7922,8207,8787,8521,8048,7980
4,2,8527,8202,8334,8778,8211,8477,7848,6995,7925,8214,8788,8524,8044,7976
4,2,8528,8204,8328,8778,8210,8473,7849,6991,7929,8221,8789,8518,8042,7978
4,2,8525,8204,8329,8778,8211,8469,7847,6989,7926,8214,8789,8516,8047,7979
4,3,8527,8202,8331,8774,8205,8475,7843,6988,7929,8209,8788,8516,8049,7974
4,2,8531,8200,8333,8772,8199,8480,7847,6988,7923,8209,8787,8515,8046,7975
4,2,8532,8199,8327,8777,8209,8481,7852,6990,7922,8210,8788,8516,8044,7984
4,2,8528,8194,8327,8779,8217,8477,7848,6992,7922,8206,8787,8523,8043,7982
4,2,8528,8196,8334,8780,8212,8478,7843,6990,7926,8206,8790,8524,8042,7974
4,2,8529,8196,8334,8777,8210,8474,7848,6990,7927,8205,8792,8519,8044,7972
4,3,8526,8195,8333,8777,8215,8478,7856,6995,7929,8209,8792,8515,8044,7975
4,2,8523,8197,8336,8779,8217,8476,7854,6993,7926,8211,8789,8514,8042,7975
4,2,8526,8200,8334,8776,8217,8471,7845,6988,7923,8213,8785,8513,8048,7975
4,2,8530,8200,8331,8772,8208,8475,7843,6990,7920,8212,8785,8514,8051,7978
4,2,8531,8199,8332,8774,8206,8480,7845,6996,7919,8206,8791,8517,8041,7981
4,3,8532,8195,8333,8776,8215,8476,7843,6992,7925,8208,8791,8521,8035,7979
4,2,8527,8194,8335,8773,8217,8474,7845,6985,7927,8214,8791,8522,8042,7974
4,2,8526,8194,8334,8772,8214,8478,7846,6985,7926,8212,8793,8521,8048,7973
4,2,8532,8190,8331,8774,8212,8472,7844,6988,7920,8203,8788,8517,8049,7973
